date;spx;r_3m;strike;expiry_date;option_price
2015-01-05;2020,577884;0,0003;2020,0;2015-01-30;35,7
2015-01-06;2002,613588;0,0003;2005,0;2015-01-30;34,95
2015-01-07;2025,901051;0,0003;2025,0;2015-02-06;36,95
2015-01-08;2062,143555;0,0003;2060,0;2015-02-06;33,0
2015-01-09;2044,8099;0,0002;2045,0;2015-02-06;32,5
2015-01-12;2028,263822;0,0003;2030,0;2015-02-06;33,25
2015-01-13;2023,029219;0,0003;2025,0;2015-02-06;32,95
2015-01-14;2011,272898;0,0004;2010,0;2015-02-13;40,9
2015-01-15;1992,670276;0,0003;1990,0;2015-02-13;44,6
2015-01-16;2019,418654;0,0003;2020,0;2015-02-13;38,8
2015-01-20;2022,546882;0,0003;2025,0;2015-02-13;33,95
2015-01-21;2032,120289;0,0003;2030,0;2015-02-20;36,45
2015-01-22;2063,145591;0,0003;2065,0;2015-02-20;27,7
2015-01-23;2051,821812;0,0002;2050,0;2015-02-20;29,6
2015-01-26;2057,094406;0,0003;2055,0;2015-02-20;26,25
2015-01-27;2029,554468;0,0002;2030,0;2015-02-20;29,4
2015-01-28;2002,156447;0,0002;2000,0;2015-02-27;38,7
2015-01-29;2021,251638;0,0003;2020,0;2015-02-27;34,35
2015-01-30;1994,990412;0,0002;1995,0;2015-02-27;38,15
2015-02-02;2020,849187;0,0002;2020,0;2015-02-27;31,7
2015-02-03;2050,032802;0,0002;2050,0;2015-02-27;27,15
2015-02-04;2041,509351;0,0001;2040,0;2015-03-06;32,1
2015-02-05;2062,521557;0,0002;2065,0;2015-03-06;28,55
2015-02-06;2055,472242;0,0002;2055,0;2015-03-06;31,65
2015-02-09;2046,743601;0,0001;2045,0;2015-03-06;32,3
2015-02-10;2068,592792;0,0001;2070,0;2015-03-06;26,55
2015-02-11;2068,531977;0,0001;2070,0;2015-03-13;30,1
2015-02-12;2088,484768;0,0002;2090,0;2015-03-13;26,1
2015-02-13;2096,987902;0,0001;2095,0;2015-03-13;26,9
2015-02-17;2100,343249;0,0002;2100,0;2015-03-13;23,75
2015-02-18;2099,675344;0,0002;2100,0;2015-03-20;28,5
2015-02-19;2097,449348;0,0002;2095,0;2015-03-20;28,8
2015-02-20;2110,300899;0,0002;2110,0;2015-03-20;25,35
2015-02-23;2109,656629;0,0002;2110,0;2015-03-20;23,1
2015-02-24;2115,483816;0,0002;2115,0;2015-03-20;22,25
2015-02-25;2113,863515;0,0002;2115,0;2015-03-27;24,85
2015-02-26;2110,741831;0,0003;2110,0;2015-03-27;26,25
2015-02-27;2104,503249;0,0002;2105,0;2015-03-27;24,6
2015-03-02;2117,393335;0,0002;2115,0;2015-03-31;24,35
2015-03-03;2107,778417;0,0002;2110,0;2015-04-02;24,85
2015-03-04;2098,533054;0,0001;2100,0;2015-04-02;25,6
2015-03-05;2101,042053;0,0002;2100,0;2015-04-02;26,75
2015-03-06;2071,262106;0,0001;2070,0;2015-04-02;28,45
2015-03-09;2079,425467;0,0002;2080,0;2015-04-02;26,15
2015-03-10;2044,162631;0,0002;2045,0;2015-04-02;29,9
2015-03-11;2040,235198;0,0003;2040,0;2015-04-10;35,15
2015-03-12;2065,95429;0,0003;2065,0;2015-04-10;31,6
2015-03-13;2053,398256;0,0003;2055,0;2015-04-10;30,85
2015-03-16;2081,192752;0,0005;2080,0;2015-04-10;29,85
2015-03-17;2074,276435;0,0005;2075,0;2015-04-10;28,55
2015-03-18;2099,500714;0,0003;2100,0;2015-04-17;27,25
2015-03-19;2089,274371;0,0003;2090,0;2015-04-17;27,25
2015-03-20;2108,097321;0,0001;2110,0;2015-04-17;24,05
2015-03-23;2104,420117;0,0003;2105,0;2015-04-17;24,0
2015-03-24;2091,501788;0,0002;2090,0;2015-04-17;25,3
2015-03-25;2061,047481;0,0004;2060,0;2015-04-24;32,4
2015-03-26;2056,148808;0,0003;2055,0;2015-04-24;32,2
2015-03-27;2061,021997;0,0004;2060,0;2015-04-24;30,5
2015-03-30;2086,237312;0,0004;2085,0;2015-04-24;27,0
2015-03-31;2067,887241;0,0003;2070,0;2015-04-30;32,1
2015-04-01;2059,690872;0,0003;2060,0;2015-05-01;30,8
2015-04-02;2066,964854;0,0002;2065,0;2015-05-01;32,1
2015-04-06;2080,617762;0,0003;2080,0;2015-05-01;28,4
2015-04-07;2076,333734;0,0002;2075,0;2015-05-01;28,0
2015-04-08;2081,903976;0,0003;2080,0;2015-05-08;29,25
2015-04-09;2091,181172;0,0003;2090,0;2015-05-08;26,7
2015-04-10;2102,055349;0,0002;2100,0;2015-05-08;25,0
2015-04-13;2092,429591;0,0003;2090,0;2015-05-08;27,4
2015-04-14;2095,835355;0,0002;2095,0;2015-05-08;23,85
2015-04-15;2106,626264;0,0002;2105,0;2015-05-15;26,15
2015-04-16;2104,985787;0,0002;2105,0;2015-05-15;24,1
2015-04-17;2081,177754;0,0001;2080,0;2015-05-15;26,65
2015-04-20;2100,400944;0,0003;2100,0;2015-05-15;22,7
2015-04-21;2097,288894;0,0003;2095,0;2015-05-15;24,05
2015-04-22;2107,964078;0,0003;2110,0;2015-05-22;22,6
2015-04-23;2112,929;0,0003;2115,0;2015-05-22;22,4
2015-04-24;2117,689929;0,0003;2120,0;2015-05-22;20,85
2015-04-27;2108,921141;0,0002;2110,0;2015-05-22;22,55
2015-04-28;2114,761541;0,0002;2115,0;2015-05-22;21,05
2015-04-29;2106,850996;0,0001;2105,0;2015-05-29;26,25
2015-04-30;2085,513653;0,0001;2085,0;2015-05-29;27,85
2015-05-01;2108,290281;0,0001;2110,0;2015-05-29;21,7
2015-05-04;2114,486468;0,0002;2115,0;2015-05-29;21,05
2015-05-05;2089,460142;0,0001;2090,0;2015-05-29;24,2
2015-05-06;2080,14505;0,0002;2080,0;2015-06-05;29,4
2015-05-07;2087,997331;0,0001;2090,0;2015-06-05;28,85
2015-05-08;2116,095112;0,0001;2115,0;2015-06-05;24,25
2015-05-11;2105,327543;0,0002;2105,0;2015-06-05;24,15
2015-05-12;2099,115934;0,0003;2100,0;2015-06-05;23,7
2015-05-13;2098,477642;0,0002;2100,0;2015-06-12;25,75
2015-05-14;2121,095224;0,0001;2120,0;2015-06-12;24,45
2015-05-15;2122,73413;0,0002;2125,0;2015-06-12;20,45
2015-05-18;2129,203905;0,0002;2130,0;2015-06-12;20,15
2015-05-19;2127,825059;0,0002;2130,0;2015-06-12;19,5
2015-05-20;2125,848764;0,0002;2125,0;2015-06-19;26,15
2015-05-21;2130,816895;0,0002;2130,0;2015-06-19;24,1
2015-05-22;2126,061409;0,0002;2125,0;2015-06-19;24,2
2015-05-26;2104,199373;0,0002;2105,0;2015-06-19;24,55
2015-05-27;2123,475869;0,0001;2125,0;2015-06-26;25,9
2015-05-28;2120,789762;0,0001;2120,0;2015-06-26;26,95
2015-05-29;2107,389578;0,0001;2105,0;2015-06-26;30,0
2015-06-01;2111,731556;0,0002;2110,0;2015-06-30;28,05
2015-06-02;2109,597193;0,0001;2110,0;2015-07-02;28,4
2015-06-03;2114,067374;0,0002;2115,0;2015-07-02;26,35
2015-06-04;2095,844084;0,0002;2095,0;2015-07-02;29,85
2015-06-05;2092,830948;0,0003;2095,0;2015-07-02;26,85
2015-06-08;2079,280385;0,0002;2080,0;2015-07-02;28,45
2015-06-09;2080,152076;0,0002;2080,0;2015-07-02;27,1
2015-06-10;2105,202267;0,0002;2105,0;2015-07-10;27,4
2015-06-11;2108,856197;0,0001;2110,0;2015-07-10;24,25
2015-06-12;2094,105654;0,0002;2095,0;2015-07-10;27,1
2015-06-15;2084,425284;0,0002;2085,0;2015-07-10;28,5
2015-06-16;2096,292369;0,0001;2095,0;2015-07-10;27,85
2015-06-17;2100,443721;0,0001;2100,0;2015-07-17;30,1
2015-06-18;2121,235411;0,0001;2120,0;2015-07-17;26,9
2015-06-19;2109,988278;0,0001;2110,0;2015-07-17;27,6
2015-06-22;2122,846789;0,0001;2125,0;2015-07-17;21,15
2015-06-23;2124,198475;0,0001;2125,0;2015-07-17;20,9
2015-06-24;2108,578059;0,0001;2110,0;2015-07-24;26,45
2015-06-25;2102,312056;0,0001;2100,0;2015-07-24;29,65
2015-06-26;2101,487387;0,0001;2100,0;2015-07-24;28,8
2015-06-29;2057,641092;0,0002;2060,0;2015-07-24;33,5
2015-06-30;2063,111832;0,0001;2065,0;2015-07-24;33,0
2015-07-01;2077,424342;0,0001;2075,0;2015-07-31;34,25
2015-07-02;2076,7757;0,0001;2075,0;2015-07-31;35,4
2015-07-06;2068,756646;0,0002;2070,0;2015-07-31;31,65
2015-07-07;2081,340934;0,0002;2080,0;2015-07-31;30,55
2015-07-08;2046,684033;0,0002;2045,0;2015-08-07;40,9
2015-07-09;2051,311358;0,0003;2050,0;2015-08-07;40,7
2015-07-10;2076,618352;0,0001;2075,0;2015-08-07;34,5
2015-07-13;2099,599193;0,0002;2100,0;2015-08-07;25,3
2015-07-14;2108,954968;0,0001;2110,0;2015-08-07;22,45
2015-07-15;2107,403048;0,0002;2105,0;2015-08-14;27,25
2015-07-16;2124,286459;0,0002;2125,0;2015-08-14;21,95
2015-07-17;2126,643944;0,0003;2125,0;2015-08-14;21,5
2015-07-20;2128,283567;0,0004;2130,0;2015-08-14;19,25
2015-07-21;2119,209951;0,0003;2120,0;2015-08-14;19,85
2015-07-22;2114,151238;0,0004;2115,0;2015-08-21;20,9
2015-07-23;2102,147984;0,0003;2100,0;2015-08-21;24,35
2015-07-24;2079,649213;0,0004;2080,0;2015-08-21;25,85
2015-07-27;2067,641826;0,0005;2070,0;2015-08-21;26,15
2015-07-28;2093,253343;0,0005;2095,0;2015-08-21;20,8
2015-07-29;2108,568564;0,0006;2110,0;2015-08-28;22,2
2015-07-30;2108,629954;0,0007;2110,0;2015-08-28;21,35
2015-07-31;2103,835365;0,0008;2105,0;2015-08-28;21,4
2015-08-03;2098,039663;0,0008;2100,0;2015-08-31;19,45
2015-08-04;2093,323917;0,0008;2095,0;2015-08-31;20,7
2015-08-05;2099,842222;0,0008;2100,0;2015-09-04;23,9
2015-08-06;2083,558517;0,0004;2085,0;2015-09-04;25,9
2015-08-07;2077,568417;0,0006;2080,0;2015-09-04;24,1
2015-08-10;2104,182503;0,0012;2105,0;2015-09-04;20,1
2015-08-11;2084,073508;0,001;2085,0;2015-09-04;24,2
2015-08-12;2086,046437;0,001;2085,0;2015-09-11;27,4
2015-08-13;2083,387304;0,001;2085,0;2015-09-11;25,3
2015-08-14;2091,543641;0,0009;2090,0;2015-09-11;24,65
2015-08-17;2102,43635;0,001;2100,0;2015-09-11;22,45
2015-08-18;2096,919371;0,0007;2095,0;2015-09-11;22,9
2015-08-19;2079,610657;0,0005;2080,0;2015-09-18;30,95
2015-08-20;2035,734144;0,0002;2035,0;2015-09-18;37,75
2015-08-21;1970,889065;0,0003;1970,0;2015-09-18;50,45
2015-08-24;1893,213939;0,0006;1890,0;2015-09-18;69,5
2015-08-25;1867,610925;0,0007;1870,0;2015-09-18;60,75
2015-08-26;1940,510717;0,0006;1940,0;2015-09-25;52,45
2015-08-27;1987,662492;0,0006;1990,0;2015-09-25;45,85
2015-08-28;1988,871407;0,0006;1990,0;2015-09-25;45,65
2015-08-31;1972,184689;0,0008;1970,0;2015-09-30;52,05
2015-09-01;1913,852695;0,0003;1915,0;2015-09-30;57,4
2015-09-02;1948,862603;0,0003;1950,0;2015-10-02;45,75
2015-09-03;1951,12778;0,0002;1950,0;2015-10-02;48,45
2015-09-04;1921,224403;0,0002;1920,0;2015-10-02;50,6
2015-09-08;1969,414512;0,0006;1970,0;2015-10-02;40,3
2015-09-09;1942,037814;0,0003;1940,0;2015-10-09;48,7
2015-09-10;1952,286808;0,0002;1950,0;2015-10-09;45,25
2015-09-11;1961,045672;0,0004;1960,0;2015-10-09;41,55
2015-09-14;1953,026084;0,0007;1955,0;2015-10-09;40,25
2015-09-15;1978,086651;0,0007;1980,0;2015-10-09;37,75
2015-09-16;1995,310709;0,0006;1995,0;2015-10-16;40,55
2015-09-17;1990,204274;0,0001;1990,0;2015-10-16;37,35
2015-09-18;1958,032829;-0,0001;1960,0;2015-10-16;38,25
2015-09-21;1966,970272;0,0001;1965,0;2015-10-16;35,5
2015-09-22;1942,744127;-0,0001;1945,0;2015-10-16;37,15
2015-09-23;1938,759286;0,0001;1940,0;2015-10-23;40,6
2015-09-24;1932,241174;0,0001;1930,0;2015-10-23;44,7
2015-09-25;1931,339903;-0,0001;1930,0;2015-10-23;43,0
2015-09-28;1881,768971;0,0001;1880,0;2015-10-23;48,4
2015-09-29;1884,085182;0,0001;1885,0;2015-10-23;44,85
2015-09-30;1920,026552;-0,0001;1920,0;2015-10-30;44,95
2015-10-01;1923,820054;-0,0002;1925,0;2015-10-30;41,85
2015-10-02;1951,359831;0,0;1950,0;2015-10-30;39,1
2015-10-05;1987,054144;0,0001;1985,0;2015-10-30;35,25
2015-10-06;1979,915048;0,0;1980,0;2015-10-30;33,25
2015-10-07;1995,826482;0,0;1995,0;2015-11-06;35,5
2015-10-08;2013,430898;-0,0001;2015,0;2015-11-06;32,35
2015-10-09;2014,892646;0,0001;2015,0;2015-11-06;31,4
2015-10-13;2003,690286;0,0001;2005,0;2015-11-06;28,6
2015-10-14;1994,242371;0,0;1995,0;2015-11-13;32,25
2015-10-15;2023,861784;0,0001;2025,0;2015-11-13;29,0
2015-10-16;2033,110397;0,0001;2035,0;2015-11-13;25,6
2015-10-19;2033,664405;0,0002;2035,0;2015-11-13;23,9
2015-10-20;2030,767164;0,0002;2030,0;2015-11-13;25,95
2015-10-21;2018,941033;0,0001;2020,0;2015-11-20;30,0
2015-10-22;2052,508826;0,0;2055,0;2015-11-20;25,4
2015-10-23;2075,151278;0,0001;2075,0;2015-11-20;25,75
2015-10-26;2071,18152;0,0002;2070,0;2015-11-20;26,8
2015-10-27;2065,892288;0,0003;2065,0;2015-11-20;26,5
2015-10-28;2090,353881;0,0004;2090,0;2015-11-27;25,85
2015-10-29;2089,407402;0,0007;2090,0;2015-11-27;25,85
2015-10-30;2079,359837;0,0008;2080,0;2015-11-27;27,75
2015-11-02;2104,049047;0,0008;2105,0;2015-11-30;22,35
2015-11-03;2109,787523;0,0006;2110,0;2015-11-30;22,75
2015-11-04;2102,313682;0,0005;2100,0;2015-12-04;29,45
2015-11-05;2099,929145;0,0005;2100,0;2015-12-04;27,9
2015-11-06;2099,20349;0,0008;2100,0;2015-12-04;23,7
2015-11-09;2078,579996;0,0014;2080,0;2015-12-04;27,3
2015-11-10;2081,717187;0,0013;2080,0;2015-12-04;25,8
2015-11-11;2075,003167;0,0014;2075,0;2015-12-11;30,1
2015-11-12;2045,965566;0,0014;2045,0;2015-12-11;33,95
2015-11-13;2023,039433;0,0013;2025,0;2015-12-11;34,3
2015-11-16;2053,185002;0,0015;2055,0;2015-12-11;29,15
2015-11-17;2050,435873;0,0014;2050,0;2015-12-11;31,65
2015-11-18;2083,581012;0,0012;2085,0;2015-12-11;26,35
2015-11-19;2081,237696;0,0011;2080,0;2015-12-19;32,8
2015-11-20;2089,166223;0,0011;2090,0;2015-12-19;27,85
2015-11-23;2086,589974;0,0014;2085,0;2015-12-19;27,75
2015-11-24;2089,139916;0,0016;2090,0;2015-12-24;29,65
2015-11-25;2088,872578;0,0019;2090,0;2015-12-24;28,05
2015-11-27;2090,106776;0,0017;2090,0;2015-12-24;28,35
2015-11-30;2080,406829;0,0022;2080,0;2015-12-24;30,6
2015-12-01;2102,63267;0,0021;2105,0;2015-12-31;27,2
2015-12-02;2079,506221;0,0021;2080,0;2015-12-31;30,65
2015-12-03;2049,615627;0,0021;2050,0;2015-12-31;34,5
2015-12-04;2091,687424;0,0022;2090,0;2015-12-31;27,85
2015-12-07;2077,071597;0,0029;2075,0;2015-12-31;29,0
2015-12-08;2063,593644;0,0027;2065,0;2015-12-31;29,45
2015-12-09;2047,623191;0,0026;2050,0;2016-01-08;36,15
2015-12-10;2052,232346;0,0024;2050,0;2016-01-08;38,5
2015-12-11;2012,373698;0,0022;2010,0;2016-01-08;45,3
2015-12-14;2021,939553;0,0026;2020,0;2016-01-08;40,85
2015-12-15;2043,409036;0,0025;2045,0;2016-01-08;35,55
2015-12-16;2073,066147;0,0027;2075,0;2016-01-15;34,4
2015-12-17;2041,887885;0,0023;2040,0;2016-01-15;38,6
2015-12-18;2005,549717;0,0019;2005,0;2016-01-15;39,2
2015-12-21;2021,149974;0,0024;2020,0;2016-01-15;34,25
2015-12-22;2038,967536;0,0021;2040,0;2016-01-15;29,6
2015-12-23;2064,292049;0,002;2065,0;2016-01-22;31,0
2015-12-24;2060,9883;0,002;2060,0;2016-01-22;31,5
2015-12-28;2056,500744;0,0023;2055,0;2016-01-22;29,65
2015-12-29;2078,361866;0,0023;2080,0;2016-01-22;26,45
2015-12-30;2063,355215;0,0021;2065,0;2016-01-29;32,4
2015-12-31;2043,936863;0,0016;2045,0;2016-01-29;35,0
2016-01-04;2012,659371;0,0022;2015,0;2016-01-29;35,05
2016-01-05;2016,714427;0,002;2015,0;2016-01-29;35,55
2016-01-06;1990,262293;0,0021;1990,0;2016-02-05;40,65
2016-01-07;1943,093702;0,002;1945,0;2016-02-05;46,55
2016-01-08;1922,034793;0,002;1920,0;2016-02-05;47,9
2016-01-11;1923,674821;0,0021;1925,0;2016-02-05;41,45
2016-01-12;1938,678932;0,0021;1940,0;2016-02-05;37,9
2016-01-13;1890,278915;0,0022;1890,0;2016-02-12;46,05
2016-01-14;1921,835761;0,0025;1920,0;2016-02-12;44,3
2016-01-15;1880,327796;0,0023;1880,0;2016-02-12;45,35
2016-01-19;1881,333244;0,0026;1880,0;2016-02-12;44,4
2016-01-20;1859,328462;0,0026;1860,0;2016-02-19;48,8
2016-01-21;1868,986317;0,0028;1870,0;2016-02-19;46,7
2016-01-22;1906,904076;0,003;1905,0;2016-02-19;38,9
2016-01-25;1877,077571;0,0031;1875,0;2016-02-19;40,1
2016-01-26;1903,630648;0,0031;1905,0;2016-02-19;35,25
2016-01-27;1882,946265;0,0032;1885,0;2016-02-26;40,85
2016-01-28;1893,356708;0,0034;1895,0;2016-02-26;38,9
2016-01-29;1940,239678;0,0032;1940,0;2016-02-26;32,25
2016-02-01;1939,379316;0,0035;1940,0;2016-02-29;33,95
2016-02-02;1903,031513;0,0034;1905,0;2016-02-29;36,6
2016-02-03;1912,533608;0,0033;1915,0;2016-03-04;37,7
2016-02-04;1915,446792;0,0029;1915,0;2016-03-04;40,4
2016-02-05;1880,053933;0,0029;1880,0;2016-03-04;40,9
2016-02-08;1853,435019;0,0032;1855,0;2016-03-04;42,45
2016-02-09;1852,209817;0,003;1850,0;2016-03-04;46,0
2016-02-10;1851,863046;0,0031;1850,0;2016-03-11;49,45
2016-02-11;1829,078346;0,0028;1830,0;2016-03-11;50,6
2016-02-12;1864,77533;0,0029;1865,0;2016-03-11;44,45
2016-02-16;1895,57737;0,003;1895,0;2016-03-11;38,45
2016-02-17;1926,825;0,003;1925,0;2016-03-18;42,8
2016-02-18;1917,8338;0,003;1920,0;2016-03-18;38,25
2016-02-19;1917,783612;0,003;1920,0;2016-03-18;34,8
2016-02-22;1945,50004;0,0033;1945,0;2016-03-18;32,8
2016-02-23;1921,268441;0,0032;1920,0;2016-03-24;40,0
2016-02-24;1929,797675;0,0033;1930,0;2016-03-24;39,15
2016-02-25;1951,700665;0,0032;1950,0;2016-03-24;36,65
2016-02-26;1948,053851;0,0032;1950,0;2016-03-24;35,2
2016-02-29;1932,226395;0,0033;1930,0;2016-03-24;37,55
2016-03-01;1978,348116;0,0033;1980,0;2016-03-31;31,6
2016-03-02;1986,454786;0,0035;1985,0;2016-04-01;32,9
2016-03-03;1993,40214;0,0027;1995,0;2016-04-01;30,85
2016-03-04;1999,987226;0,0028;2000,0;2016-04-01;30,9
2016-03-07;2001,758848;0,0032;2000,0;2016-04-01;30,0
2016-03-08;1979,260718;0,0029;1980,0;2016-04-01;31,95
2016-03-09;1989,264995;0,003;1990,0;2016-04-08;33,8
2016-03-10;1989,568288;0,0031;1990,0;2016-04-08;32,85
2016-03-11;2022,189572;0,0032;2020,0;2016-04-08;31,65
2016-03-14;2019,64013;0,0034;2020,0;2016-04-08;29,95
2016-03-15;2015,927925;0,0034;2015,0;2016-04-08;28,8
2016-03-16;2027,217393;0,0031;2025,0;2016-04-15;30,25
2016-03-17;2040,591153;0,0029;2040,0;2016-04-15;28,75
2016-03-18;2049,576777;0,0029;2050,0;2016-04-15;25,15
2016-03-21;2051,600232;0,0031;2050,0;2016-04-15;23,85
2016-03-22;2049,803503;0,003;2050,0;2016-04-15;23,75
2016-03-23;2036,712761;0,003;2035,0;2016-04-22;30,7
2016-03-24;2035,935906;0,0029;2035,0;2016-04-22;28,65
2016-03-28;2037,049469;0,0029;2035,0;2016-04-22;27,1
2016-03-29;2055,013633;0,0023;2055,0;2016-04-22;23,4
2016-03-30;2063,945573;0,002;2065,0;2016-04-29;25,85
2016-03-31;2059,741177;0,0021;2060,0;2016-04-29;26,95
2016-04-01;2072,779072;0,0023;2075,0;2016-04-29;23,7
2016-04-04;2066,129403;0,0023;2065,0;2016-04-29;25,05
2016-04-05;2045,166795;0,0023;2045,0;2016-04-29;26,45
2016-04-06;2066,664819;0,0023;2065,0;2016-05-06;29,15
2016-04-07;2041,911942;0,0023;2040,0;2016-05-06;32,3
2016-04-08;2047,597132;0,0023;2050,0;2016-05-06;27,15
2016-04-11;2041,986045;0,0023;2040,0;2016-05-06;30,35
2016-04-12;2061,718447;0,0022;2060,0;2016-05-06;27,3
2016-04-13;2082,420642;0,0023;2080,0;2016-05-13;27,9
2016-04-14;2082,783091;0,0022;2085,0;2016-05-13;23,85
2016-04-15;2080,732965;0,0022;2080,0;2016-05-13;25,25
2016-04-18;2094,340331;0,0022;2095,0;2016-05-13;22,1
2016-04-19;2100,798733;0,0021;2100,0;2016-05-13;22,3
2016-04-20;2102,396655;0,0023;2100,0;2016-05-20;26,7
2016-04-21;2091,483661;0,0023;2090,0;2016-05-20;26,5
2016-04-22;2091,580102;0,0023;2090,0;2016-05-20;24,75
2016-04-25;2087,79447;0,0025;2090,0;2016-05-20;22,2
2016-04-26;2091,698545;0,0024;2090,0;2016-05-20;24,0
2016-04-27;2095,154394;0,0024;2095,0;2016-05-27;26,3
2016-04-28;2075,810663;0,0022;2075,0;2016-05-27;28,15
2016-04-29;2065,296301;0,0022;2065,0;2016-05-27;28,95
2016-05-02;2081,430217;0,0022;2080,0;2016-05-31;26,65
2016-05-03;2063,366854;0,0021;2065,0;2016-05-31;26,3
2016-05-04;2051,121262;0,0019;2050,0;2016-06-03;31,05
2016-05-05;2050,628742;0,002;2050,0;2016-06-03;29,55
2016-05-06;2057,142421;0,0019;2055,0;2016-06-03;28,25
2016-05-09;2058,691066;0,0024;2060,0;2016-06-03;24,15
2016-05-10;2084,386123;0,0024;2085,0;2016-06-03;22,25
2016-05-11;2064,461903;0,0026;2065,0;2016-06-10;28,2
2016-05-12;2064,107466;0,0027;2065,0;2016-06-10;26,3
2016-05-13;2046,612923;0,0028;2045,0;2016-06-10;28,75
2016-05-16;2066,657161;0,0028;2065,0;2016-06-10;26,2
2016-05-17;2047,205813;0,0028;2045,0;2016-06-10;27,25
2016-05-18;2047,627231;0,003;2050,0;2016-06-17;28,75
2016-05-19;2040,03989;0,003;2040,0;2016-06-17;30,75
2016-05-20;2052,318053;0,0032;2050,0;2016-06-17;28,75
2016-05-23;2048,043279;0,0035;2050,0;2016-06-17;24,95
2016-05-24;2076,057817;0,0035;2075,0;2016-06-17;23,6
2016-05-25;2090,543004;0,0033;2090,0;2016-06-24;27,3
2016-05-26;2090,100975;0,003;2090,0;2016-06-24;25,5
2016-05-27;2099,060461;0,0031;2100,0;2016-06-24;22,8
2016-05-31;2096,964195;0,0034;2095,0;2016-06-30;29,15
2016-06-01;2099,329995;0,003;2100,0;2016-07-01;26,55
2016-06-02;2105,264341;0,0028;2105,0;2016-07-01;25,3
2016-06-03;2099,128574;0,0029;2100,0;2016-07-01;23,95
2016-06-06;2109,406845;0,0028;2110,0;2016-07-01;24,35
2016-06-07;2112,127072;0,0028;2110,0;2016-07-01;25,8
2016-06-08;2119,118269;0,0024;2120,0;2016-07-08;25,55
2016-06-09;2115,477756;0,0025;2115,0;2016-07-08;27,75
2016-06-10;2096,071013;0,0025;2095,0;2016-07-08;31,75
2016-06-13;2079,05898;0,0027;2080,0;2016-07-08;35,4
2016-06-14;2075,315958;0,0027;2075,0;2016-07-08;36,0
2016-06-15;2071,502283;0,0026;2070,0;2016-07-15;38,35
2016-06-16;2077,993889;0,0027;2080,0;2016-07-15;35,0
2016-06-17;2071,219695;0,0026;2070,0;2016-07-15;36,2
2016-06-20;2083,249031;0,0028;2085,0;2016-07-15;31,15
2016-06-21;2088,899548;0,0027;2090,0;2016-07-15;31,65
2016-06-22;2085,449723;0,0027;2085,0;2016-07-22;40,0
2016-06-23;2113,320679;0,003;2115,0;2016-07-22;30,15
2016-06-24;2037,405184;0,0026;2035,0;2016-07-22;45,55
2016-06-27;2000,535254;0,0027;2000,0;2016-07-22;40,6
2016-06-28;2036,091229;0,0026;2035,0;2016-07-22;32,35
2016-06-29;2070,771306;0,0026;2070,0;2016-07-29;32,9
2016-06-30;2098,855227;0,0026;2100,0;2016-07-29;27,45
2016-07-01;2102,953492;0,0027;2105,0;2016-07-29;26,85
2016-07-05;2088,546036;0,0028;2090,0;2016-07-29;26,35
2016-07-06;2099,734291;0,0027;2100,0;2016-08-05;29,45
2016-07-07;2097,899775;0,0029;2100,0;2016-08-05;26,75
2016-07-08;2129,897982;0,0027;2130,0;2016-08-05;23,85
2016-07-11;2137,159722;0,0031;2135,0;2016-08-05;24,6
2016-07-12;2152,141399;0,0029;2150,0;2016-08-05;24,0
2016-07-13;2152,425657;0,0031;2150,0;2016-08-12;25,8
2016-07-14;2163,747536;0,0031;2165,0;2016-08-12;23,5
2016-07-15;2161,741334;0,0031;2160,0;2016-08-12;23,2
2016-07-18;2166,890525;0,0032;2165,0;2016-08-12;22,0
2016-07-19;2163,781099;0,0031;2165,0;2016-08-12;19,3
2016-07-20;2173,017212;0,0032;2175,0;2016-08-19;21,35
2016-07-21;2165,168298;0,0031;2165,0;2016-08-19;23,15
2016-07-22;2175,029062;0,0032;2175,0;2016-08-19;19,95
2016-07-25;2168,479074;0,0032;2170,0;2016-08-19;19,9
2016-07-26;2169,175192;0,0031;2170,0;2016-08-19;20,35
2016-07-27;2166,580421;0,0031;2165,0;2016-08-26;24,95
2016-07-28;2170,05626;0,0025;2170,0;2016-08-26;23,75
2016-07-29;2173,60386;0,0027;2175,0;2016-08-26;21,0
2016-08-01;2170,836391;0,0029;2170,0;2016-08-31;21,95
2016-08-02;2157,028649;0,0029;2155,0;2016-08-31;24,9
2016-08-03;2163,793674;0,0028;2165,0;2016-09-02;22,5
2016-08-04;2164,252115;0,0026;2165,0;2016-09-02;22,55
2016-08-05;2182,868375;0,0027;2185,0;2016-09-02;17,7
2016-08-08;2180,885151;0,0031;2180,0;2016-09-02;18,85
2016-08-09;2181,735676;0,0029;2180,0;2016-09-02;19,25
2016-08-10;2175,486524;0,0028;2175,0;2016-09-09;22,3
2016-08-11;2185,7931;0,0028;2185,0;2016-09-09;21,65
2016-08-12;2184,05094;0,0028;2185,0;2016-09-09;19,2
2016-08-15;2190,149416;0,0031;2190,0;2016-09-09;18,8
2016-08-16;2178,149455;0,0027;2180,0;2016-09-09;19,7
2016-08-17;2182,218889;0,003;2180,0;2016-09-16;23,5
2016-08-18;2187,024885;0,0029;2185,0;2016-09-16;21,1
2016-08-19;2183,868155;0,0029;2185,0;2016-09-16;18,65
2016-08-22;2182,639548;0,0029;2185,0;2016-09-16;17,4
2016-08-23;2186,901799;0,003;2185,0;2016-09-16;20,45
2016-08-24;2175,437011;0,0031;2175,0;2016-09-23;26,2
2016-08-25;2172,465632;0,0033;2170,0;2016-09-23;28,15
2016-08-26;2169,040232;0,0033;2170,0;2016-09-23;25,95
2016-08-29;2180,377409;0,0033;2180,0;2016-09-23;23,35
2016-08-30;2176,122646;0,0033;2175,0;2016-09-23;23,15
2016-08-31;2170,946958;0,0033;2170,0;2016-09-30;27,45
2016-09-01;2170,863259;0,0033;2170,0;2016-09-30;26,6
2016-09-02;2179,984203;0,0032;2180,0;2016-09-30;22,6
2016-09-06;2186,476739;0,0032;2185,0;2016-09-30;20,95
2016-09-07;2186,158728;0,0034;2185,0;2016-10-07;23,05
2016-09-08;2181,29955;0,0034;2180,0;2016-10-07;24,5
2016-09-09;2127,805574;0,0034;2130,0;2016-10-07;32,65
2016-09-12;2159,039716;0,0037;2160,0;2016-10-07;27,55
2016-09-13;2127,020375;0,0036;2125,0;2016-10-07;35,45
2016-09-14;2125,769541;0,0033;2125,0;2016-10-14;35,75
2016-09-15;2147,262036;0,0029;2145,0;2016-10-14;33,75
2016-09-16;2139,164603;0,0029;2140,0;2016-10-14;29,55
2016-09-19;2139,115361;0,003;2140,0;2016-10-14;29,35
2016-09-20;2139,756814;0,003;2140,0;2016-10-14;30,5
2016-09-21;2163,117591;0,0022;2165,0;2016-10-21;26,5
2016-09-22;2177,182249;0,0018;2175,0;2016-10-21;24,85
2016-09-23;2164,694808;0,0018;2165,0;2016-10-21;24,15
2016-09-26;2146,097367;0,0025;2145,0;2016-10-21;28,4
2016-09-27;2159,928023;0,0026;2160,0;2016-10-21;23,5
2016-09-28;2171,369332;0,0027;2170,0;2016-10-28;26,8
2016-09-29;2151,131485;0,0026;2150,0;2016-10-28;30,45
2016-09-30;2168,27209;0,0028;2170,0;2016-10-28;25,2
2016-10-03;2161,196687;0,0032;2160,0;2016-10-31;27,15
2016-10-04;2150,4896;0,0033;2150,0;2016-10-31;26,5
2016-10-05;2159,727998;0,0032;2160,0;2016-11-04;27,45
2016-10-06;2160,771826;0,0032;2160,0;2016-11-04;27,0
2016-10-07;2153,739363;0,0032;2155,0;2016-11-04;26,3
2016-10-11;2136,72619;0,0035;2145,0;2016-11-09;27,3
2016-10-12;2139,176401;0,0036;2140,0;2016-11-11;33,1
2016-10-13;2132,546492;0,0029;2135,0;2016-11-11;31,95
2016-10-14;2132,978465;0,0031;2135,0;2016-11-11;32,3
2016-10-17;2126,503339;0,0034;2135,0;2016-11-14;27,2
2016-10-18;2139,604084;0,0034;2140,0;2016-11-14;29,45
2016-10-19;2144,290289;0,0034;2145,0;2016-11-18;28,4
2016-10-20;2141,343911;0,0034;2140,0;2016-11-18;28,65
2016-10-21;2141,161911;0,0033;2140,0;2016-11-18;26,6
2016-10-24;2151,332638;0,0033;2160,0;2016-11-21;19,85
2016-10-25;2143,159711;0,0034;2140,0;2016-11-21;27,7
2016-10-26;2139,426974;0,0033;2140,0;2016-11-25;28,05
2016-10-27;2133,035495;0,0029;2135,0;2016-11-25;28,55
2016-10-28;2126,407565;0,0029;2125,0;2016-11-25;32,75
2016-10-31;2126,153297;0,0034;2125,0;2016-11-30;35,15
2016-11-01;2111,722588;0,0035;2110,0;2016-11-30;35,9
2016-11-02;2097,943771;0,0036;2100,0;2016-12-02;37,3
2016-11-03;2088,663594;0,0037;2090,0;2016-12-02;40,1
2016-11-04;2085,176377;0,0037;2085,0;2016-12-02;43,2
2016-11-07;2131,523568;0,0041;2125,0;2016-12-05;38,15
2016-11-08;2139,563009;0,0043;2140,0;2016-12-05;32,2
2016-11-09;2163,257903;0,0044;2165,0;2016-12-09;27,1
2016-11-10;2167,47813;0,0047;2165,0;2016-12-09;30,25
2016-11-14;2164,203301;0,0054;2165,0;2016-12-12;25,45
2016-11-15;2180,388827;0,005;2185,0;2016-12-12;21,0
2016-11-16;2176,940903;0,0046;2175,0;2016-12-16;28,5
2016-11-17;2187,12109;0,0043;2185,0;2016-12-16;27,0
2016-11-18;2181,901787;0,0043;2180,0;2016-12-16;25,85
2016-11-21;2198,182707;0,0046;2195,0;2016-12-19;25,35
2016-11-22;2202,93682;0,0048;2205,0;2016-12-19;22,55
2016-11-23;2204,72294;0,005;2205,0;2016-12-23;24,2
2016-11-25;2213,348568;0,0048;2215,0;2016-12-23;21,7
2016-11-28;2201,720499;0,0048;2205,0;2016-12-27;22,85
2016-11-29;2204,661663;0,0048;2205,0;2016-12-27;23,95
2016-11-30;2198,810449;0,0048;2200,0;2016-12-30;27,65
2016-12-01;2191,082957;0,0047;2190,0;2016-12-30;29,0
2016-12-02;2191,953667;0,0048;2190,0;2016-12-30;28,45
2016-12-05;2204,705387;0,0049;2205,0;2017-01-03;23,05
2016-12-06;2212,230777;0,0049;2210,0;2017-01-03;23,15
2016-12-07;2241,354644;0,0051;2240,0;2017-01-06;24,45
2016-12-08;2246,187804;0,005;2245,0;2017-01-06;25,25
2016-12-09;2259,528677;0,0053;2260,0;2017-01-06;22,6
2016-12-12;2256,963205;0,0051;2260,0;2017-01-09;22,55
2016-12-13;2271,72083;0,0054;2270,0;2017-01-09;25,65
2016-12-14;2253,278626;0,0054;2255,0;2017-01-13;26,8
2016-12-15;2262,031173;0,005;2260,0;2017-01-13;27,7
2016-12-16;2258,072402;0,005;2260,0;2017-01-13;23,1
2016-12-19;2262,532233;0,0052;2260,0;2017-01-17;25,05
2016-12-20;2270,761667;0,0052;2270,0;2017-01-17;23,55
2016-12-21;2265,179919;0,0051;2265,0;2017-01-20;25,35
2016-12-22;2260,957189;0,005;2260,0;2017-01-20;24,25
2016-12-23;2263,788659;0,0051;2265,0;2017-01-20;22,5
2016-12-27;2268,875498;0,0051;2270,0;2017-01-23;22,4
2016-12-28;2249,922616;0,0052;2250,0;2017-01-27;27,9
2016-12-29;2249,256769;0,0046;2250,0;2017-01-27;28,05
2016-12-30;2238,826682;0,005;2240,0;2017-01-27;29,0
2017-01-03;2257,828026;0,0053;2260,0;2017-01-31;23,9
2017-01-04;2270,75253;0,0052;2270,0;2017-02-03;25,35
2017-01-05;2268,998505;0,0051;2270,0;2017-02-03;23,95
2017-01-06;2276,981445;0,0052;2275,0;2017-02-03;25,3
2017-01-09;2268,904213;0,005;2270,0;2017-02-06;22,95
2017-01-10;2268,899452;0,0051;2270,0;2017-02-06;21,95
2017-01-11;2275,315878;0,0051;2275,0;2017-02-10;23,55
2017-01-12;2270,442867;0,0051;2270,0;2017-02-10;24,3
2017-01-13;2274,637743;0,0052;2275,0;2017-02-10;21,3
2017-01-17;2267,888634;0,0054;2275,0;2017-02-13;16,7
2017-01-18;2271,889369;0,0052;2270,0;2017-02-17;23,7
2017-01-19;2263,68678;0,0051;2265,0;2017-02-17;23,4
2017-01-20;2271,314729;0,0049;2270,0;2017-02-17;21,0
2017-01-23;2265,200206;0,0051;2265,0;2017-02-21;22,25
2017-01-24;2280,074172;0,005;2280,0;2017-02-21;20,25
2017-01-25;2298,367403;0,0049;2300,0;2017-02-24;20,45
2017-01-26;2296,680836;0,005;2295,0;2017-02-24;21,75
2017-01-27;2294,689729;0,0051;2295,0;2017-02-24;18,55
2017-01-30;2280,896292;0,0051;2280,0;2017-02-28;21,75
2017-01-31;2278,866891;0,0052;2280,0;2017-02-28;19,75
2017-02-01;2279,554291;0,005;2280,0;2017-03-03;21,3
2017-02-02;2280,850354;0,0051;2280,0;2017-03-03;21,75
2017-02-03;2297,415857;0,005;2295,0;2017-03-03;19,5
2017-02-06;2292,558386;0,0053;2295,0;2017-03-06;17,4
2017-02-07;2293,081079;0,0053;2295,0;2017-03-06;17,3
2017-02-08;2294,668614;0,0053;2295,0;2017-03-10;21,15
2017-02-09;2307,874649;0,0053;2310,0;2017-03-10;19,7
2017-02-10;2316,09707;0,0054;2315,0;2017-03-10;20,5
2017-02-13;2328,253265;0,0052;2330,0;2017-03-13;18,4
2017-02-14;2337,584574;0,0054;2340,0;2017-03-13;16,65
2017-02-15;2349,247409;0,0053;2350,0;2017-03-17;23,3
2017-02-16;2347,223539;0,0052;2345,0;2017-03-17;24,45
2017-02-17;2351,161699;0,0052;2350,0;2017-03-17;20,65
2017-02-21;2365,382724;0,0053;2370,0;2017-03-20;18,75
2017-02-22;2362,821526;0,0052;2365,0;2017-03-24;22,65
2017-02-23;2363,806651;0,0051;2365,0;2017-03-24;22,25
2017-02-24;2367,344247;0,0051;2365,0;2017-03-24;22,55
2017-02-27;2369,750293;0,005;2360,0;2017-03-27;30,1
2017-02-28;2363,638197;0,0053;2365,0;2017-03-27;24,55
2017-03-01;2395,957142;0,0062;2395,0;2017-03-31;28,2
2017-03-02;2381,918207;0,0066;2380,0;2017-03-31;25,95
2017-03-03;2383,117037;0,007;2385,0;2017-03-31;21,0
2017-03-06;2375,311124;0,0073;2380,0;2017-04-03;20,4
2017-03-07;2368,39421;0,0075;2370,0;2017-04-03;21,25
2017-03-08;2362,976996;0,0072;2365,0;2017-04-07;23,65
2017-03-09;2364,869787;0,0072;2365,0;2017-04-07;25,2
2017-03-10;2372,597752;0,0073;2375,0;2017-04-07;21,65
2017-03-13;2373,472982;0,0078;2370,0;2017-04-10;24,65
2017-03-14;2365,454896;0,0077;2365,0;2017-04-13;25,85
2017-03-15;2385,264465;0,0072;2385,0;2017-04-13;24,55
2017-03-16;2381,382248;0,0072;2380,0;2017-04-13;21,85
2017-03-17;2378,253051;0,0072;2380,0;2017-04-13;20,15
2017-03-20;2373,471609;0,0075;2370,0;2017-04-17;23,4
2017-03-21;2344,017119;0,0076;2345,0;2017-04-17;23,45
2017-03-22;2348,448836;0,0076;2350,0;2017-04-21;27,4
2017-03-23;2345,962163;0,0075;2345,0;2017-04-21;28,8
2017-03-24;2343,97814;0,0077;2345,0;2017-04-21;26,2
2017-03-27;2341,590595;0,0077;2340,0;2017-04-24;27,35
2017-03-28;2358,566462;0,0077;2360,0;2017-04-24;24,05
2017-03-29;2361,132961;0,0077;2360,0;2017-04-28;25,5
2017-03-30;2368,060568;0,0077;2370,0;2017-04-28;23,5
2017-03-31;2362,71822;0,0075;2365,0;2017-04-28;24,6
2017-04-03;2358,83509;0,0078;2365,0;2017-05-01;21,35
2017-04-04;2360,155691;0,0078;2360,0;2017-05-01;23,15
2017-04-05;2352,948191;0,0079;2355,0;2017-05-05;25,95
2017-04-06;2357,48907;0,0078;2355,0;2017-05-05;28,4
2017-04-07;2355,544992;0,0081;2355,0;2017-05-05;26,9
2017-04-10;2357,163381;0,0081;2350,0;2017-05-08;34,45
2017-04-11;2353,776992;0,0081;2355,0;2017-05-08;29,2
2017-04-12;2344,926332;0,008;2345,0;2017-05-12;33,3
2017-04-13;2328,953347;0,008;2330,0;2017-05-12;34,15
2017-04-17;2349,010221;0,0082;2350,0;2017-05-15;28,3
2017-04-18;2342,187831;0,0081;2340,0;2017-05-15;30,7
2017-04-19;2338,165988;0,008;2340,0;2017-05-19;29,75
2017-04-20;2355,84408;0,0078;2355,0;2017-05-19;29,0
2017-04-21;2348,694958;0,0078;2350,0;2017-05-19;28,25
2017-04-24;2374,150691;0,008;2375,0;2017-05-22;19,65
2017-04-25;2388,614925;0,0081;2390,0;2017-05-22;19,5
2017-04-26;2387,447931;0,0082;2385,0;2017-05-26;22,7
2017-04-27;2388,768836;0,008;2390,0;2017-05-26;19,25
2017-04-28;2384,195518;0,0079;2385,0;2017-05-26;19,35
2017-05-01;2388,327185;0,0082;2390,0;2017-05-31;19,25
2017-05-02;2391,165942;0,0081;2390,0;2017-05-31;19,2
2017-05-03;2388,134893;0,0084;2390,0;2017-06-02;19,05
2017-05-04;2389,521661;0,0084;2390,0;2017-06-02;19,05
2017-05-05;2399,28571;0,0088;2400,0;2017-06-02;17,85
2017-05-08;2399,377329;0,009;2400,0;2017-06-07;17,05
2017-05-09;2396,919424;0,009;2395,0;2017-06-07;19,05
2017-05-10;2399,629959;0,0089;2400,0;2017-06-09;18,7
2017-05-11;2394,439798;0,0087;2395,0;2017-06-09;19,4
2017-05-12;2390,897226;0,0086;2390,0;2017-06-09;18,7
2017-05-15;2402,320282;0,0089;2400,0;2017-06-14;22,05
2017-05-16;2400,674169;0,0089;2400,0;2017-06-14;20,2
2017-05-17;2357,032167;0,0089;2355,0;2017-06-16;33,1
2017-05-18;2365,723963;0,0091;2365,0;2017-06-16;29,45
2017-05-19;2381,726704;0,009;2380,0;2017-06-16;24,75
2017-05-22;2394,024077;0,0092;2395,0;2017-06-21;21,8
2017-05-23;2398,418602;0,0091;2400,0;2017-06-21;20,45
2017-05-24;2404,387022;0,0092;2405,0;2017-06-23;20,55
2017-05-25;2415,065703;0,0092;2415,0;2017-06-23;20,35
2017-05-26;2415,82248;0,0092;2415,0;2017-06-23;19,35
2017-05-30;2412,906567;0,0092;2415,0;2017-06-28;19,35
2017-05-31;2411,797324;0,0096;2410,0;2017-06-30;23,3
2017-06-01;2430,061071;0,0096;2430,0;2017-06-30;19,4
2017-06-02;2439,07025;0,0096;2440,0;2017-06-30;17,55
2017-06-05;2436,096196;0,0095;2435,0;2017-07-05;20,25
2017-06-06;2429,327257;0,0096;2430,0;2017-07-05;21,05
2017-06-07;2433,13743;0,0098;2435,0;2017-07-07;19,65
2017-06-08;2433,790631;0,0099;2435,0;2017-07-07;19,6
2017-06-09;2431,772365;0,0099;2430,0;2017-07-07;20,6
2017-06-12;2429,391256;0,0097;2430,0;2017-07-12;21,85
2017-06-13;2440,347496;0,0099;2440,0;2017-07-12;19,6
2017-06-14;2437,920481;0,0099;2440,0;2017-07-14;19,65
2017-06-15;2432,459127;0,01;2430,0;2017-07-14;23,2
2017-06-16;2433,150829;0,0101;2435,0;2017-07-14;17,9
2017-06-19;2453,458604;0,0101;2455,0;2017-07-19;19,05
2017-06-20;2437,028134;0,01;2435,0;2017-07-19;24,35
2017-06-21;2435,611685;0,0097;2435,0;2017-07-21;24,1
2017-06-22;2434,497409;0,0094;2435,0;2017-07-21;22,25
2017-06-23;2438,296912;0,0095;2440,0;2017-07-21;19,5
2017-06-26;2439,065477;0,0098;2440,0;2017-07-26;21,05
2017-06-27;2419,375862;0,0099;2410,0;2017-07-26;31,25
2017-06-28;2440,690329;0,01;2440,0;2017-07-28;22,4
2017-06-29;2419,697111;0,0102;2420,0;2017-07-28;24,95
2017-06-30;2423,408891;0,0101;2425,0;2017-07-28;23,7
2017-07-03;2429,014879;0,0104;2430,0;2017-08-02;24,05
2017-07-05;2432,54234;0,0103;2435,0;2017-08-04;22,45
2017-07-06;2409,74978;0,0102;2410,0;2017-08-04;27,1
2017-07-07;2425,176961;0,0103;2425,0;2017-08-04;22,95
2017-07-10;2427,434488;0,0103;2430,0;2017-08-09;22,1
2017-07-11;2425,526214;0,0103;2425,0;2017-08-09;23,45
2017-07-12;2443,251177;0,0103;2445,0;2017-08-11;20,0
2017-07-13;2447,834276;0,0103;2450,0;2017-08-11;18,3
2017-07-14;2459,270991;0,0102;2460,0;2017-08-11;17,4
2017-07-17;2459,140719;0,0105;2460,0;2017-08-16;18,25
2017-07-18;2460,610443;0,0105;2460,0;2017-08-16;18,6
2017-07-19;2473,827785;0,0109;2475,0;2017-08-18;18,15
2017-07-20;2473,449383;0,0113;2475,0;2017-08-18;18,15
2017-07-21;2472,535854;0,0114;2475,0;2017-08-18;15,75
2017-07-24;2469,911917;0,0115;2470,0;2017-08-23;19,2
2017-07-25;2477,12537;0,0116;2475,0;2017-08-23;19,15
2017-07-26;2477,830511;0,0111;2480,0;2017-08-25;16,15
2017-07-27;2475,420891;0,0109;2475,0;2017-08-25;17,95
2017-07-28;2472,098537;0,0106;2470,0;2017-08-25;19,6
2017-07-31;2470,300025;0,0105;2470,0;2017-08-30;19,9
2017-08-01;2476,34721;0,0106;2475,0;2017-08-31;18,5
2017-08-02;2477,568097;0,0106;2480,0;2017-09-01;16,6
2017-08-03;2472,157628;0,0106;2470,0;2017-09-01;20,15
2017-08-04;2476,830997;0,0106;2475,0;2017-09-01;18,45
2017-08-07;2480,912021;0,0101;2480,0;2017-09-06;18,55
2017-08-08;2474,918841;0,0104;2475,0;2017-09-06;19,85
2017-08-09;2474,01708;0,0104;2475,0;2017-09-08;20,7
2017-08-10;2438,20971;0,0103;2440,0;2017-09-08;30,1
2017-08-11;2441,320241;0,0101;2440,0;2017-09-08;30,75
2017-08-14;2465,835812;0,0101;2465,0;2017-09-13;23,7
2017-08-15;2464,609993;0,0102;2465,0;2017-09-13;22,55
2017-08-16;2468,10726;0,01;2470,0;2017-09-15;21,05
2017-08-17;2430,007878;0,0098;2430,0;2017-09-15;31,55
2017-08-18;2425,55217;0,01;2425,0;2017-09-15;30,0
2017-08-21;2428,367986;0,0099;2430,0;2017-09-20;28,7
2017-08-22;2452,510273;0,0099;2455,0;2017-09-20;22,45
2017-08-23;2444,043245;0,0098;2445,0;2017-09-22;26,35
2017-08-24;2438,96812;0,01;2440,0;2017-09-22;26,6
2017-08-25;2443,045798;0,0101;2445,0;2017-09-22;23,3
2017-08-28;2444,240315;0,0097;2445,0;2017-09-27;24,15
2017-08-29;2446,295524;0,0101;2445,0;2017-09-27;25,6
2017-08-30;2457,585812;0,0101;2460,0;2017-09-29;22,6
2017-08-31;2471,650208;0,0099;2470,0;2017-09-29;22,15
2017-09-01;2476,552389;0,01;2475,0;2017-09-29;21,45
2017-09-05;2457,849871;0,0101;2460,0;2017-10-04;25,3
2017-09-06;2465,543623;0,0105;2465,0;2017-10-06;24,25
2017-09-07;2465,102136;0,0103;2465,0;2017-10-06;23,45
2017-09-08;2461,433644;0,0102;2460,0;2017-10-06;25,45
2017-09-11;2488,107965;0,0104;2490,0;2017-10-11;19,35
2017-09-12;2496,48362;0,0102;2495,0;2017-10-11;19,65
2017-09-13;2498,370815;0,0102;2500,0;2017-10-13;18,35
2017-09-14;2495,619154;0,0103;2495,0;2017-10-13;19,5
2017-09-15;2500,225858;0,0103;2500,0;2017-10-13;17,3
2017-09-18;2503,869556;0,0104;2505,0;2017-10-18;18,7
2017-09-19;2506,647935;0,0103;2505,0;2017-10-18;20,35
2017-09-20;2508,236048;0,0102;2510,0;2017-10-20;18,75
2017-09-21;2500,602617;0,0102;2500,0;2017-10-20;20,45
2017-09-22;2502,222225;0,0101;2500,0;2017-10-20;20,7
2017-09-25;2496,66059;0,0104;2500,0;2017-10-25;18,7
2017-09-26;2496,840894;0,0105;2500,0;2017-10-25;18,95
2017-09-27;2507,043281;0,0105;2505,0;2017-10-27;22,6
2017-09-28;2510,061992;0,0104;2510,0;2017-10-27;19,45
2017-09-29;2519,359672;0,0104;2520,0;2017-10-27;17,45
2017-10-02;2529,115299;0,01;2530,0;2017-11-01;18,25
2017-10-03;2534,579683;0,0105;2535,0;2017-11-01;18,8
2017-10-04;2537,74124;0,0106;2540,0;2017-11-03;17,8
2017-10-05;2552,065399;0,0105;2550,0;2017-11-03;19,4
2017-10-06;2549,331509;0,0105;2550,0;2017-11-03;17,7
2017-10-10;2550,642433;0,0106;2550,0;2017-11-08;20,05
2017-10-11;2555,240789;0,0108;2555,0;2017-11-10;19,05
2017-10-12;2550,933009;0,0107;2550,0;2017-11-10;19,4
2017-10-13;2553,169373;0,0107;2555,0;2017-11-10;16,55
2017-10-16;2557,639738;0,0109;2560,0;2017-11-15;17,05
2017-10-17;2559,356311;0,0107;2560,0;2017-11-15;17,7
2017-10-18;2561,264453;0,0107;2560,0;2017-11-17;19,65
2017-10-19;2562,103755;0,0108;2560,0;2017-11-17;19,6
2017-10-20;2575,205878;0,0109;2575,0;2017-11-17;16,35
2017-10-23;2564,978524;0,0108;2565,0;2017-11-22;21,3
2017-10-24;2569,13426;0,011;2570,0;2017-11-22;20,3
2017-10-25;2557,150985;0,011;2555,0;2017-11-24;25,65
2017-10-26;2560,399195;0,0109;2560,0;2017-11-24;23,75
2017-10-27;2581,065703;0,0108;2580,0;2017-11-24;17,95
2017-10-30;2572,833603;0,011;2575,0;2017-11-29;19,8
2017-10-31;2575,26383;0,0113;2575,0;2017-11-30;20,15
2017-11-01;2579,35585;0,0116;2580,0;2017-12-01;19,55
2017-11-02;2579,851652;0,0115;2580,0;2017-12-01;19,75
2017-11-03;2587,836057;0,0116;2590,0;2017-12-01;15,25
2017-11-06;2591,128442;0,0117;2590,0;2017-12-06;19,9
2017-11-07;2590,641757;0,012;2590,0;2017-12-06;19,15
2017-11-08;2594,375209;0,0121;2595,0;2017-12-08;19,0
2017-11-09;2584,621274;0,0122;2585,0;2017-12-08;21,6
2017-11-10;2582,300039;0,0121;2580,0;2017-12-08;23,25
2017-11-13;2584,844826;0,0122;2585,0;2017-12-13;23,8
2017-11-14;2578,871824;0,0124;2580,0;2017-12-13;23,1
2017-11-15;2564,62051;0,0123;2565,0;2017-12-15;27,75
2017-11-16;2585,643164;0,0125;2585,0;2017-12-15;24,05
2017-11-17;2578,854324;0,0126;2580,0;2017-12-15;21,8
2017-11-20;2582,141589;0,0128;2580,0;2017-12-20;23,9
2017-11-21;2599,029193;0,0128;2600,0;2017-12-20;19,0
2017-11-22;2597,077203;0,0127;2595,0;2017-12-22;22,05
2017-11-24;2602,424708;0,0126;2600,0;2017-12-22;21,3
2017-11-27;2601,423891;0,0125;2600,0;2017-12-27;22,75
2017-11-28;2627,044025;0,0128;2625,0;2017-12-27;22,65
2017-11-29;2626,066195;0,0127;2625,0;2017-12-29;26,45
2017-11-30;2647,579927;0,0125;2650,0;2017-12-29;27,2
2017-12-01;2642,215765;0,0125;2640,0;2017-12-29;28,15
2017-12-04;2639,437048;0,0128;2640,0;2018-01-03;28,85
2017-12-05;2629,570845;0,0128;2630,0;2018-01-03;26,4
2017-12-06;2629,266914;0,0128;2630,0;2018-01-05;26,75
2017-12-07;2636,976494;0,0127;2635,0;2018-01-05;25,95
2017-12-08;2651,501;0,0126;2650,0;2018-01-05;22,75
2017-12-11;2659,98965;0,0131;2660,0;2018-01-10;22,75
2017-12-12;2664,105729;0,0132;2665,0;2018-01-10;22,95
2017-12-13;2662,845188;0,0128;2665,0;2018-01-12;24,25
2017-12-14;2652,012444;0,013;2650,0;2018-01-12;27,05
2017-12-15;2675,807981;0,0129;2675,0;2018-01-12;20,55
2017-12-18;2690,158251;0,0136;2690,0;2018-01-17;23,95
2017-12-19;2681,473629;0,0135;2680,0;2018-01-17;25,8
2017-12-20;2679,248085;0,0136;2680,0;2018-01-19;24,5
2017-12-21;2684,569176;0,0133;2685,0;2018-01-19;23,85
2017-12-22;2683,337274;0,0131;2685,0;2018-01-19;23,3
2017-12-26;2680,504486;0,0145;2680,0;2018-01-24;27,4
2017-12-27;2682,619923;0,0142;2685,0;2018-01-26;23,95
2017-12-28;2687,537829;0,0137;2690,0;2018-01-26;20,8
2017-12-29;2673,610523;0,0137;2675,0;2018-01-26;24,05
2018-01-02;2695,809772;0,0142;2695,0;2018-01-31;21,7
2018-01-03;2713,061006;0,0139;2715,0;2018-02-02;20,2
2018-01-04;2723,992595;0,0139;2725,0;2018-02-02;21,35
2018-01-05;2743,147773;0,0137;2745,0;2018-02-02;20,4
2018-01-08;2747,710233;0,0143;2750,0;2018-02-07;21,75
2018-01-09;2751,285249;0,0142;2750,0;2018-02-07;26,1
2018-01-10;2748,22549;0,014;2750,0;2018-02-09;23,95
2018-01-11;2767,558142;0,0141;2770,0;2018-02-09;22,7
2018-01-12;2786,244143;0,0141;2785,0;2018-02-09;25,1
2018-01-16;2776,420024;0,0143;2775,0;2018-02-14;30,2
2018-01-17;2802,555574;0,0142;2805,0;2018-02-16;27,95
2018-01-18;2798,030257;0,0143;2800,0;2018-02-16;29,2
2018-01-19;2810,302683;0,0142;2810,0;2018-02-16;27,1
2018-01-22;2832,9741;0,0143;2835,0;2018-02-21;26,65
2018-01-23;2839,130362;0,0142;2840,0;2018-02-21;28,25
2018-01-24;2837,544008;0,0141;2840,0;2018-02-23;30,75
2018-01-25;2839,253031;0,014;2840,0;2018-02-23;30,05
2018-01-26;2872,867839;0,0139;2875,0;2018-02-23;27,05
2018-01-29;2853,528411;0,0143;2855,0;2018-02-28;37,0
2018-01-30;2822,433948;0,0142;2820,0;2018-02-28;41,15
2018-01-31;2823,809937;0,0144;2825,0;2018-03-02;37,35
2018-02-01;2821,975893;0,0146;2820,0;2018-03-02;36,4
2018-02-02;2762,125334;0,0146;2760,0;2018-03-02;42,8
2018-02-05;2648,939082;0,0149;2700,0;2018-03-05;52,85
2018-02-06;2695,144239;0,015;2695,0;2018-03-07;62,4
2018-02-07;2681,660135;0,0153;2680,0;2018-03-09;55,1
2018-02-08;2580,999481;0,0153;2580,0;2018-03-09;81,6
2018-02-09;2619,545595;0,0153;2620,0;2018-03-09;62,15
2018-02-12;2655,997527;0,0161;2655,0;2018-03-14;52,95
2018-02-13;2662,942903;0,0157;2665,0;2018-03-14;49,4
2018-02-14;2698,633663;0,0156;2700,0;2018-03-16;44,45
2018-02-15;2731,204141;0,0156;2730,0;2018-03-16;42,8
2018-02-16;2732,219837;0,0159;2730,0;2018-03-16;46,35
2018-02-20;2716,255542;0,0164;2715,0;2018-03-21;47,3
2018-02-21;2701,328793;0,0162;2700,0;2018-03-23;51,2
2018-02-22;2703,961257;0,0161;2705,0;2018-03-23;44,55
2018-02-23;2747,298549;0,0161;2745,0;2018-03-23;37,7
2018-02-26;2779,595974;0,0165;2780,0;2018-03-28;37,35
2018-02-27;2744,280691;0,0164;2745,0;2018-03-29;46,55
2018-02-28;2713,830539;0,0163;2715,0;2018-03-29;46,75
2018-03-01;2677,670936;0,016;2680,0;2018-03-29;47,05
2018-03-02;2691,252769;0,0162;2690,0;2018-03-29;45,65
2018-03-05;2720,940897;0,0167;2720,0;2018-04-04;45,0
2018-03-06;2728,122;0,0165;2730,0;2018-04-04;39,5
2018-03-07;2726,801369;0,0165;2725,0;2018-04-06;43,8
2018-03-08;2738,96943;0,0164;2740,0;2018-04-06;37,6
2018-03-09;2786,565103;0,0164;2785,0;2018-04-06;34,8
2018-03-12;2783,019263;0,0168;2785,0;2018-04-11;39,25
2018-03-13;2765,309453;0,017;2765,0;2018-04-11;38,6
2018-03-14;2749,482269;0,0173;2750,0;2018-04-13;40,05
2018-03-15;2747,32985;0,0174;2745,0;2018-04-13;40,05
2018-03-16;2752,011788;0,0175;2750,0;2018-04-13;36,75
2018-03-19;2712,917368;0,0177;2720,0;2018-04-18;40,85
2018-03-20;2716,942235;0,0178;2715,0;2018-04-18;44,5
2018-03-21;2711,928088;0,0171;2710,0;2018-04-20;46,6
2018-03-22;2643,692182;0,0169;2645,0;2018-04-20;54,6
2018-03-23;2588,262792;0,0171;2590,0;2018-04-20;59,5
2018-03-26;2658,554182;0,0176;2650,0;2018-04-25;57,0
2018-03-27;2612,624597;0,0174;2610,0;2018-04-25;55,2
2018-03-28;2604,997497;0,017;2605,0;2018-04-27;58,5
2018-03-29;2640,86599;0,017;2640,0;2018-04-27;53,75
2018-04-02;2581,88161;0,0174;2590,0;2018-05-02;54,4
2018-04-03;2614,445671;0,0172;2610,0;2018-05-02;57,5
2018-04-04;2644,687961;0,0168;2645,0;2018-05-04;54,95
2018-04-05;2662,836242;0,0169;2665,0;2018-05-04;49,2
2018-04-06;2604,469385;0,017;2605,0;2018-05-04;53,7
2018-04-09;2613,158839;0,0173;2615,0;2018-05-09;55,55
2018-04-10;2656,867981;0,0171;2655,0;2018-05-09;52,85
2018-04-11;2642,190211;0,017;2640,0;2018-05-11;53,45
2018-04-12;2663,9948;0,0172;2665,0;2018-05-11;47,25
2018-04-13;2656,296906;0,0173;2655,0;2018-05-11;44,85
2018-04-16;2677,839563;0,0176;2680,0;2018-05-16;39,1
2018-04-17;2706,385087;0,0177;2705,0;2018-05-16;37,7
2018-04-18;2708,638953;0,0178;2710,0;2018-05-18;36,4
2018-04-19;2693,12573;0,0179;2695,0;2018-05-18;36,65
2018-04-20;2670,141756;0,0178;2670,0;2018-05-18;39,8
2018-04-23;2670,290482;0,0184;2680,0;2018-05-23;35,1
2018-04-24;2634,556452;0,0184;2630,0;2018-05-23;45,65
2018-04-25;2639,395027;0,0182;2640,0;2018-05-25;44,25
2018-04-26;2666,942784;0,0179;2665,0;2018-05-25;42,4
2018-04-27;2669,906272;0,0178;2670,0;2018-05-25;39,0
2018-04-30;2648,049365;0,0184;2660,0;2018-05-30;33,4
2018-05-01;2654,800652;0,0182;2655,0;2018-05-31;36,95
2018-05-02;2635,668547;0,0181;2635,0;2018-06-01;38,5
2018-05-03;2629,725615;0,018;2630,0;2018-06-01;37,7
2018-05-04;2663,420337;0,018;2665,0;2018-06-01;33,15
2018-05-07;2672,628498;0,0183;2670,0;2018-06-06;37,45
2018-05-08;2671,918262;0,0184;2670,0;2018-06-06;34,85
2018-05-09;2697,791549;0,0185;2700,0;2018-06-08;32,05
2018-05-10;2723,068903;0,0186;2725,0;2018-06-08;29,3
2018-05-11;2727,715928;0,0188;2730,0;2018-06-08;27,75
2018-05-14;2730,132457;0,019;2730,0;2018-06-13;31,15
2018-05-15;2711,445524;0,0189;2710,0;2018-06-13;34,05
2018-05-16;2722,462297;0,0188;2720,0;2018-06-15;34,15
2018-05-17;2720,127207;0,0188;2720,0;2018-06-15;32,45
2018-05-18;2712,974714;0,0187;2715,0;2018-06-15;31,4
2018-05-21;2733,01082;0,019;2730,0;2018-06-20;33,2
2018-05-22;2724,444041;0,019;2725,0;2018-06-20;31,4
2018-05-23;2733,289269;0,0188;2735,0;2018-06-22;28,8
2018-05-24;2727,763195;0,0187;2730,0;2018-06-22;27,55
2018-05-25;2721,327956;0,0186;2720,0;2018-06-22;30,5
2018-05-29;2689,857249;0,019;2685,0;2018-06-27;42,05
2018-05-30;2724,009911;0,019;2725,0;2018-06-29;34,5
2018-05-31;2705,274752;0,0189;2705,0;2018-06-29;36,45
2018-06-01;2734,618855;0,0188;2735,0;2018-06-29;29,8
2018-06-04;2746,871114;0,0191;2745,0;2018-07-03;30,75
2018-06-05;2748,795186;0,0191;2750,0;2018-07-03;28,2
2018-06-06;2772,345785;0,0191;2770,0;2018-07-06;28,1
2018-06-07;2770,372047;0,019;2770,0;2018-07-06;28,25
2018-06-08;2779,028591;0,0189;2780,0;2018-07-06;26,4
2018-06-11;2782,00486;0,0191;2780,0;2018-07-11;31,55
2018-06-12;2786,852473;0,0189;2785,0;2018-07-11;29,2
2018-06-13;2775,626751;0,019;2775,0;2018-07-13;31,65
2018-06-14;2782,489406;0,019;2780,0;2018-07-13;30,6
2018-06-15;2779,663027;0,019;2780,0;2018-07-13;26,75
2018-06-18;2773,745041;0,0191;2780,0;2018-07-18;26,2
2018-06-19;2762,594647;0,0191;2750,0;2018-07-18;39,95
2018-06-20;2767,317905;0,019;2765,0;2018-07-20;33,3
2018-06-21;2749,757969;0,019;2750,0;2018-07-20;34,65
2018-06-22;2754,876995;0,0189;2755,0;2018-07-20;31,85
2018-06-25;2717,074218;0,019;2715,0;2018-07-25;43,75
2018-06-26;2723,058886;0,019;2725,0;2018-07-25;37,55
2018-06-27;2699,626203;0,0189;2700,0;2018-07-27;47,0
2018-06-28;2716,309936;0,0189;2715,0;2018-07-27;41,65
2018-06-29;2718,373465;0,0189;2720,0;2018-07-27;39,5
2018-07-02;2726,713764;0,0195;2725,0;2018-08-01;38,2
2018-07-03;2713,220886;0,0194;2710,0;2018-08-01;41,1
2018-07-05;2736,612571;0,0192;2735,0;2018-08-03;37,1
2018-07-06;2759,821916;0,0193;2760,0;2018-08-03;32,1
2018-07-09;2784,17324;0,0195;2785,0;2018-08-08;29,95
2018-07-10;2793,839151;0,0195;2795,0;2018-08-08;29,25
2018-07-11;2774,017478;0,0193;2775,0;2018-08-10;32,4
2018-07-12;2798,286922;0,0194;2800,0;2018-08-10;28,2
2018-07-13;2801,311373;0,0194;2800,0;2018-08-10;28,85
2018-07-16;2798,434604;0,0198;2795,0;2018-08-15;30,75
2018-07-17;2809,551622;0,0198;2810,0;2018-08-15;27,1
2018-07-18;2815,619784;0,0196;2815,0;2018-08-17;28,25
2018-07-19;2804,493414;0,0196;2805,0;2018-08-17;28,1
2018-07-20;2801,828088;0,0195;2800,0;2018-08-17;29,25
2018-07-23;2806,982899;0,0196;2805,0;2018-08-22;29,6
2018-07-24;2820,40413;0,0198;2820,0;2018-08-22;27,85
2018-07-25;2846,067043;0,0197;2845,0;2018-08-24;27,75
2018-07-26;2837,439986;0,0195;2835,0;2018-08-24;30,15
2018-07-27;2818,817626;0,0196;2820,0;2018-08-24;27,8
2018-07-30;2802,601446;0,0201;2815,0;2018-08-29;25,4
2018-07-31;2816,288631;0,0199;2815,0;2018-08-29;30,8
2018-08-01;2813,364909;0,0199;2815,0;2018-08-31;28,7
2018-08-02;2827,218258;0,0198;2825,0;2018-08-31;29,05
2018-08-03;2840,353554;0,0197;2840,0;2018-08-31;24,5
2018-08-06;2850,396578;0,0202;2850,0;2018-09-05;25,15
2018-08-07;2858,451509;0,0202;2860,0;2018-09-05;23,7
2018-08-08;2857,704495;0,0202;2860,0;2018-09-07;24,35
2018-08-09;2853,583948;0,0202;2855,0;2018-09-07;25,0
2018-08-10;2833,283632;0,0201;2835,0;2018-09-07;28,05
2018-08-13;2821,928234;0,0203;2845,0;2018-09-12;20,1
2018-08-14;2839,955391;0,0204;2840,0;2018-09-12;29,25
2018-08-15;2818,37302;0,0203;2820,0;2018-09-14;33,25
2018-08-16;2840,687972;0,0203;2840,0;2018-09-14;30,3
2018-08-17;2850,131612;0,0201;2850,0;2018-09-14;27,95
2018-08-20;2857,054007;0,0203;2855,0;2018-09-19;29,65
2018-08-21;2862,956988;0,0204;2865,0;2018-09-19;28,0
2018-08-22;2861,82463;0,0205;2860,0;2018-09-21;30,95
2018-08-23;2856,980541;0,0204;2855,0;2018-09-21;30,2
2018-08-24;2874,689144;0,0205;2875,0;2018-09-21;27,15
2018-08-27;2896,735635;0,0208;2895,0;2018-09-26;29,5
2018-08-28;2897,522045;0,0209;2900,0;2018-09-26;26,55
2018-08-29;2914,041365;0,0209;2915,0;2018-09-28;28,9
2018-08-30;2901,126596;0,0207;2900,0;2018-09-28;32,15
2018-08-31;2901,517677;0,0207;2900,0;2018-09-28;30,3
2018-09-04;2896,723286;0,0209;2895,0;2018-10-03;31,95
2018-09-05;2888,601799;0,021;2890,0;2018-10-05;32,85
2018-09-06;2878,052433;0,0209;2880,0;2018-10-05;34,4
2018-09-07;2871,681528;0,021;2870,0;2018-10-05;37,0
2018-09-10;2877,126146;0,0211;2875,0;2018-10-10;35,5
2018-09-11;2887,893797;0,0211;2890,0;2018-10-10;29,9
2018-09-12;2888,916655;0,0212;2890,0;2018-10-12;30,35
2018-09-13;2904,18386;0,0211;2905,0;2018-10-12;27,85
2018-09-14;2904,975385;0,0212;2905,0;2018-10-12;27,4
2018-09-17;2888,801145;0,0213;2890,0;2018-10-17;30,9
2018-09-18;2904,310646;0,0213;2905,0;2018-10-17;31,5
2018-09-19;2907,945394;0,0212;2910,0;2018-10-19;29,45
2018-09-20;2930,746152;0,0213;2930,0;2018-10-19;29,9
2018-09-21;2929,667196;0,0214;2930,0;2018-10-19;27,1
2018-09-24;2919,373149;0,0218;2920,0;2018-10-22;29,3
2018-09-25;2915,564284;0,0217;2915,0;2018-10-22;28,7
2018-09-26;2905,965588;0,0216;2905,0;2018-10-26;33,65
2018-09-27;2913,998186;0,0214;2915,0;2018-10-26;31,85
2018-09-28;2913,97814;0,0215;2915,0;2018-10-26;28,55
2018-10-01;2924,590937;0,0219;2925,0;2018-10-31;30,05
2018-10-02;2923,433453;0,0219;2925,0;2018-10-31;29,0
2018-10-03;2925,513038;0,0219;2925,0;2018-11-02;31,1
2018-10-04;2901,611488;0,0218;2900,0;2018-11-02;36,75
2018-10-05;2885,566252;0,0218;2885,0;2018-11-02;38,5
2018-10-09;2880,343712;0,0221;2880,0;2018-11-07;44,35
2018-10-10;2785,679179;0,0223;2790,0;2018-11-09;58,65
2018-10-11;2728,366291;0,0222;2735,0;2018-11-09;65,0
2018-10-12;2767,126018;0,0223;2770,0;2018-11-09;56,15
2018-10-15;2750,786041;0,0227;2750,0;2018-11-14;58,15
2018-10-16;2809,915671;0,0226;2810,0;2018-11-14;45,35
2018-10-17;2809,209082;0,0227;2810,0;2018-11-16;45,0
2018-10-18;2768,784593;0,0227;2770,0;2018-11-16;49,65
2018-10-19;2767,780487;0,0226;2770,0;2018-11-16;49,75
2018-10-22;2755,883758;0,023;2765,0;2018-11-21;47,25
2018-10-23;2740,692385;0,0229;2740,0;2018-11-21;53,25
2018-10-24;2656,103225;0,0229;2655,0;2018-11-23;65,2
2018-10-25;2705,568281;0,0229;2705,0;2018-11-23;60,4
2018-10-26;2658,685113;0,0228;2660,0;2018-11-23;59,0
2018-10-29;2641,245119;0,023;2640,0;2018-11-28;62,5
2018-10-30;2682,630996;0,0229;2680,0;2018-11-28;62,4
2018-10-31;2711,744408;0,0229;2710,0;2018-11-30;58,05
2018-11-01;2740,372458;0,0227;2740,0;2018-11-30;48,85
2018-11-02;2723,058278;0,0228;2725,0;2018-11-30;47,6
2018-11-05;2738,313679;0,0232;2740,0;2018-12-05;50,95
2018-11-06;2755,450836;0,0231;2755,0;2018-12-05;51,2
2018-11-07;2813,894814;0,0232;2815,0;2018-12-07;42,65
2018-11-08;2806,830988;0,023;2805,0;2018-12-07;43,15
2018-11-09;2781,009157;0,0231;2780,0;2018-12-07;46,1
2018-11-13;2722,18199;0,0234;2735,0;2018-12-12;45,75
2018-11-14;2701,576142;0,0233;2700,0;2018-12-14;58,25
2018-11-15;2730,20252;0,0232;2730,0;2018-12-14;50,45
2018-11-16;2736,268988;0,0231;2735,0;2018-12-14;50,35
2018-11-19;2690,731216;0,0234;2730,0;2018-12-19;34,7
2018-11-20;2641,890298;0,0234;2685,0;2018-12-19;37,5
2018-11-21;2649,929079;0,0236;2650,0;2018-12-21;58,0
2018-11-23;2632,556635;0,0236;2635,0;2018-12-21;55,3
2018-11-26;2673,447415;0,0237;2670,0;2018-12-26;52,05
2018-11-27;2682,169731;0,0236;2675,0;2018-12-26;54,2
2018-11-28;2743,785211;0,0235;2745,0;2018-12-28;51,2
2018-11-29;2737,760295;0,0232;2740,0;2018-12-28;51,45
2018-11-30;2760,174257;0,0232;2760,0;2018-12-28;49,75
2018-12-03;2790,369478;0,0234;2795,0;2019-01-02;42,1
2018-12-04;2700,064368;0,0238;2705,0;2019-01-02;53,9
2018-12-06;2695,945355;0,0236;2695,0;2019-01-04;56,2
2018-12-07;2633,078821;0,0235;2630,0;2019-01-04;64,1
2018-12-10;2637,723071;0,0237;2640,0;2019-01-09;61,05
2018-12-11;2636,783761;0,0237;2640,0;2019-01-09;56,5
2018-12-12;2651,067697;0,0239;2650,0;2019-01-11;60,95
2018-12-13;2650,535177;0,0238;2650,0;2019-01-11;54,75
2018-12-14;2599,954346;0,0237;2600,0;2019-01-11;56,55
2018-12-17;2545,939769;0,0236;2595,0;2019-01-16;39,45
2018-12-18;2546,161101;0,0234;2535,0;2019-01-16;72,35
2018-12-19;2506,955215;0,0235;2505,0;2019-01-18;66,05
2018-12-20;2467,41847;0,0234;2465,0;2019-01-18;68,35
2018-12-21;2416,618385;0,0234;2415,0;2019-01-18;71,95
2018-12-24;2351,099534;0,0241;2370,0;2019-01-22;74,5
2018-12-26;2467,704065;0,0239;2470,0;2019-01-25;72,95
2018-12-27;2488,827436;0,0236;2490,0;2019-01-25;72,5
2018-12-28;2485,735216;0,0235;2485,0;2019-01-25;70,75
2018-12-31;2506,847183;0,024;2510,0;2019-01-30;57,7
2019-01-02;2510,030134;0,0237;2510,0;2019-02-01;58,3
2019-01-03;2447,893431;0,0236;2450,0;2019-02-01;65,2
2019-01-04;2531,943412;0,0237;2530,0;2019-02-01;55,65
2019-01-07;2549,690014;0,0241;2550,0;2019-02-06;56,1
2019-01-08;2574,410963;0,0241;2575,0;2019-02-06;51,3
2019-01-09;2584,963662;0,024;2585,0;2019-02-08;51,45
2019-01-10;2596,640508;0,0238;2595,0;2019-02-08;50,75
2019-01-11;2596,257302;0,0238;2595,0;2019-02-08;45,2
2019-01-14;2582,613862;0,024;2585,0;2019-02-13;46,2
2019-01-15;2610,302567;0,024;2610,0;2019-02-13;43,4
2019-01-16;2616,097126;0,0238;2615,0;2019-02-15;45,35
2019-01-17;2635,956679;0,0237;2635,0;2019-02-15;42,35
2019-01-18;2670,711713;0,0236;2670,0;2019-02-15;40,9
2019-01-22;2632,903926;0,0238;2630,0;2019-02-20;47,65
2019-01-23;2638,696846;0,0236;2640,0;2019-02-22;48,3
2019-01-24;2642,332567;0,0232;2640,0;2019-02-22;46,4
2019-01-25;2664,76051;0,0234;2665,0;2019-02-22;41,15
2019-01-28;2643,845686;0,0237;2645,0;2019-02-27;45,7
2019-01-29;2640,004723;0,0237;2640,0;2019-02-28;47,55
2019-01-30;2681,051086;0,0237;2680,0;2019-03-01;44,95
2019-01-31;2704,10058;0,0236;2705,0;2019-03-01;42,55
2019-02-01;2706,53346;0,0235;2705,0;2019-03-01;39,75
2019-02-04;2724,866907;0,0237;2725,0;2019-03-06;37,7
2019-02-05;2737,702131;0,0237;2740,0;2019-03-06;36,2
2019-02-06;2731,614983;0,0237;2730,0;2019-03-08;40,3
2019-02-07;2706,054435;0,0237;2705,0;2019-03-08;40,1
2019-02-08;2707,880385;0,0238;2710,0;2019-03-08;35,6
2019-02-11;2709,803874;0,024;2710,0;2019-03-13;41,0
2019-02-12;2744,733522;0,0238;2745,0;2019-03-13;38,0
2019-02-13;2753,033549;0,0239;2755,0;2019-03-15;39,1
2019-02-14;2745,729785;0,0238;2745,0;2019-03-15;42,3
2019-02-15;2775,597101;0,0238;2775,0;2019-03-15;36,7
2019-02-19;2779,758099;0,0241;2780,0;2019-03-20;37,95
2019-02-20;2784,696176;0,024;2785,0;2019-03-22;37,5
2019-02-21;2774,876125;0,024;2775,0;2019-03-22;37,8
2019-02-22;2792,671022;0,0241;2795,0;2019-03-22;33,75
2019-02-25;2796,106549;0,0242;2795,0;2019-03-25;37,1
2019-02-26;2793,89858;0,024;2795,0;2019-03-25;36,1
2019-02-27;2792,380076;0,024;2790,0;2019-03-29;40,55
2019-02-28;2784,491359;0,024;2785,0;2019-03-29;38,45
2019-03-01;2803,694354;0,0239;2805,0;2019-03-29;33,25
2019-03-04;2792,810902;0,0241;2795,0;2019-04-01;33,9
2019-03-05;2789,65098;0,0241;2790,0;2019-04-01;37,0
2019-03-06;2771,447642;0,0241;2770,0;2019-04-05;43,3
2019-03-07;2748,92578;0,024;2750,0;2019-04-05;43,7
2019-03-08;2743,067669;0,0241;2745,0;2019-04-05;41,65
2019-03-11;2783,295007;0,0241;2785,0;2019-04-08;35,4
2019-03-12;2791,522281;0,0241;2790,0;2019-04-08;34,7
2019-03-13;2810,917512;0,024;2810,0;2019-04-12;36,45
2019-03-14;2808,482788;0,024;2810,0;2019-04-12;34,75
2019-03-15;2822,476649;0,024;2820,0;2019-04-12;34,6
2019-03-18;2832,940579;0,0239;2840,0;2019-04-15;30,45
2019-03-19;2832,567386;0,0241;2835,0;2019-04-18;37,1
2019-03-20;2824,225814;0,0242;2825,0;2019-04-18;39,85
2019-03-21;2854,87667;0,0243;2855,0;2019-04-18;38,2
2019-03-22;2800,712447;0,0241;2800,0;2019-04-18;48,55
2019-03-25;2798,361645;0,0241;2795,0;2019-04-22;48,25
2019-03-26;2818,457885;0,0241;2820,0;2019-04-22;38,5
2019-03-27;2805,373157;0,0239;2805,0;2019-04-26;44,75
2019-03-28;2815,437295;0,0238;2815,0;2019-04-26;42,5
2019-03-29;2834,39982;0,0235;2835,0;2019-04-26;37,85
2019-04-01;2867,193889;0,0238;2865,0;2019-04-30;38,3
2019-04-02;2867,236444;0,0237;2865,0;2019-04-30;36,3
2019-04-03;2873,399148;0,0239;2875,0;2019-05-03;38,35
2019-04-04;2879,390781;0,0239;2880,0;2019-05-03;36,8
2019-04-05;2892,744397;0,0239;2895,0;2019-05-03;32,3
2019-04-08;2895,770593;0,0238;2895,0;2019-05-06;33,6
2019-04-09;2878,200631;0,0237;2880,0;2019-05-06;34,0
2019-04-10;2888,210417;0,0238;2890,0;2019-05-10;35,1
2019-04-11;2888,319454;0,0238;2890,0;2019-05-10;34,55
2019-04-12;2907,414383;0,0239;2905,0;2019-05-10;33,6
2019-04-15;2905,583274;0,0238;2905,0;2019-05-13;32,35
2019-04-16;2907,057548;0,0238;2905,0;2019-05-13;31,9
2019-04-17;2900,453136;0,0239;2900,0;2019-05-17;34,65
2019-04-18;2905,03252;0,0237;2905,0;2019-05-17;32,75
2019-04-22;2907,972677;0,0239;2910,0;2019-05-20;30,25
2019-04-23;2933,675818;0,024;2935,0;2019-05-20;29,0
2019-04-24;2927,252365;0,0239;2925,0;2019-05-24;37,25
2019-04-25;2926,173075;0,0238;2925,0;2019-05-24;35,6
2019-04-26;2939,881669;0,0237;2940,0;2019-05-24;30,8
2019-04-29;2943,02692;0,0239;2945,0;2019-05-28;32,0
2019-04-30;2945,830887;0,0238;2945,0;2019-05-28;32,7
2019-05-01;2923,731938;0,0238;2925,0;2019-05-31;37,6
2019-05-02;2917,51638;0,0241;2920,0;2019-05-31;35,0
2019-05-03;2945,63779;0,0238;2945,0;2019-05-31;33,9
2019-05-06;2932,473849;0,0239;2935,0;2019-06-03;36,7
2019-05-07;2884,050308;0,0238;2880,0;2019-06-03;55,15
2019-05-08;2879,419642;0,0238;2880,0;2019-06-07;56,0
2019-05-09;2870,717096;0,0238;2870,0;2019-06-07;54,55
2019-05-10;2881,40051;0,0238;2880,0;2019-06-07;44,95
2019-05-13;2811,8654;0,0236;2865,0;2019-06-10;27,6
2019-05-14;2834,4068;0,0236;2830,0;2019-06-10;52,9
2019-05-15;2850,964534;0,0237;2850,0;2019-06-14;48,85
2019-05-16;2876,316928;0,0235;2875,0;2019-06-14;44,15
2019-05-17;2859,532347;0,0234;2860,0;2019-06-14;44,7
2019-05-20;2840,233132;0,0234;2865,0;2019-06-17;32,4
2019-05-21;2864,359409;0,0234;2865,0;2019-06-17;40,35
2019-05-22;2856,274151;0,0233;2855,0;2019-06-21;45,35
2019-05-23;2822,240956;0,0232;2820,0;2019-06-21;49,65
2019-05-24;2826,064686;0,023;2825,0;2019-06-21;46,8
2019-05-28;2802,385218;0,0232;2800,0;2019-06-24;50,85
2019-05-29;2783,018322;0,0232;2785,0;2019-06-28;53,0
2019-05-30;2788,864931;0,0233;2790,0;2019-06-28;49,25
2019-05-31;2752,062886;0,023;2750,0;2019-06-28;55,1
2019-06-03;2744,446443;0,023;2745,0;2019-07-03;57,0
2019-06-04;2803,272536;0,023;2800,0;2019-07-03;53,0
2019-06-05;2826,1506;0,023;2825,0;2019-07-05;49,5
2019-06-06;2843,490377;0,0228;2845,0;2019-07-05;45,9
2019-06-07;2873,342002;0,0223;2875,0;2019-07-05;45,95
2019-06-10;2886,734127;0,0224;2885,0;2019-07-10;48,4
2019-06-11;2885,722146;0,0222;2885,0;2019-07-10;47,05
2019-06-12;2879,836459;0,0219;2880,0;2019-07-12;46,9
2019-06-13;2891,640535;0,0214;2890,0;2019-07-12;46,3
2019-06-14;2886,98321;0,0215;2885,0;2019-07-12;47,5
2019-06-17;2889,669978;0,0218;2890,0;2019-07-17;45,6
2019-06-18;2917,750762;0,0217;2920,0;2019-07-17;43,75
2019-06-19;2926,455815;0,0213;2925,0;2019-07-19;45,3
2019-06-20;2954,181873;0,0209;2955,0;2019-07-19;44,55
2019-06-21;2950,455013;0,0207;2950,0;2019-07-19;45,45
2019-06-24;2945,348796;0,0208;2955,0;2019-07-24;40,45
2019-06-25;2917,38314;0,0207;2915,0;2019-07-24;50,1
2019-06-26;2913,778778;0,021;2915,0;2019-07-26;49,05
2019-06-27;2924,921202;0,0209;2925,0;2019-07-26;48,15
2019-06-28;2941,760637;0,0208;2940,0;2019-07-26;45,75
2019-07-01;2964,332842;0,0216;2965,0;2019-07-31;40,0
2019-07-02;2973,011928;0,0215;2975,0;2019-07-31;34,3
2019-07-03;2995,822592;0,0216;2995,0;2019-08-02;37,0
2019-07-05;2990,409583;0,0218;2990,0;2019-08-02;35,9
2019-07-08;2975,945501;0,0221;2975,0;2019-08-07;41,1
2019-07-09;2979,625806;0,0221;2980,0;2019-08-07;41,55
2019-07-10;2993,069958;0,0215;2995,0;2019-08-09;37,2
2019-07-11;2999,906947;0,0212;3000,0;2019-08-09;36,35
2019-07-12;3013,772649;0,021;3015,0;2019-08-09;33,6
2019-07-15;3014,297885;0,0211;3015,0;2019-08-14;34,25
2019-07-16;3004,043104;0,021;3005,0;2019-08-14;34,75
2019-07-17;2984,423471;0,0209;2985,0;2019-08-16;39,3
2019-07-18;2995,112465;0,0201;2995,0;2019-08-16;36,85
2019-07-19;2976,609057;0,0202;2975,0;2019-08-16;40,95
2019-07-22;2985,031155;0,0204;2985,0;2019-08-21;37,8
2019-07-23;3005,473487;0,0202;3005,0;2019-08-21;34,3
2019-07-24;3019,55656;0,0205;3020,0;2019-08-23;34,0
2019-07-25;3003,671251;0,0206;3005,0;2019-08-23;34,15
2019-07-26;3025,859148;0,0208;3025,0;2019-08-23;33,75
2019-07-29;3020,968123;0,0207;3020,0;2019-08-28;36,05
2019-07-30;3013,181863;0,0204;3015,0;2019-08-28;35,8
2019-07-31;2980,378854;0,0204;2980,0;2019-08-30;45,55
2019-08-01;2953,560124;0,0203;2955,0;2019-08-30;51,15
2019-08-02;2932,045207;0,0202;2930,0;2019-08-30;52,15
2019-08-05;2844,742708;0,02;2860,0;2019-09-04;59,2
2019-08-06;2881,774074;0,0201;2885,0;2019-09-04;54,85
2019-08-07;2883,984417;0,0198;2885,0;2019-09-06;58,7
2019-08-08;2938,094526;0,0198;2940,0;2019-09-06;44,95
2019-08-09;2918,645602;0,0196;2920,0;2019-09-06;49,25
2019-08-12;2883,75;0,0196;2885,0;2019-09-11;59,95
2019-08-13;2926,324771;0,0196;2925,0;2019-09-11;50,8
2019-08-14;2840,598283;0,0192;2840,0;2019-09-13;68,65
2019-08-15;2847,595064;0,0187;2850,0;2019-09-13;62,65
2019-08-16;2888,677981;0,0183;2890,0;2019-09-13;53,3
2019-08-19;2923,648226;0,019;2925,0;2019-09-18;48,5
2019-08-20;2900,510268;0,019;2900,0;2019-09-18;51,85
2019-08-21;2924,430317;0,0193;2925,0;2019-09-20;48,45
2019-08-22;2922,952358;0,0196;2925,0;2019-09-20;48,8
2019-08-23;2847,110984;0,0193;2845,0;2019-09-20;58,4
2019-08-26;2878,383885;0,0196;2870,0;2019-09-25;61,75
2019-08-27;2869,156111;0,0194;2870,0;2019-09-25;59,35
2019-08-28;2887,93879;0,0195;2890,0;2019-09-27;56,45
2019-08-29;2924,577099;0,0195;2925,0;2019-09-27;51,4
2019-08-30;2926,458129;0,0195;2925,0;2019-09-27;52,95
2019-09-03;2906,271106;0,0194;2910,0;2019-10-02;53,5
2019-09-04;2937,779025;0,0193;2940,0;2019-10-04;49,4
2019-09-05;2975,997446;0,0193;2975,0;2019-10-04;44,65
2019-09-06;2978,707811;0,0192;2980,0;2019-10-04;40,3
2019-09-09;2978,433796;0,0192;2980,0;2019-10-09;41,55
2019-09-10;2979,385546;0,0191;2980,0;2019-10-09;38,55
2019-09-11;3000,926355;0,0192;3000,0;2019-10-11;40,4
2019-09-12;3009,571875;0,0191;3010,0;2019-10-11;39,9
2019-09-13;3007,387374;0,0192;3005,0;2019-10-11;38,9
2019-09-16;2997,959591;0,0195;3000,0;2019-10-16;41,55
2019-09-17;3005,696462;0,0195;3005,0;2019-10-16;41,45
2019-09-18;3006,729986;0,0191;3005,0;2019-10-18;42,4
2019-09-19;3006,790782;0,0189;3005,0;2019-10-18;41,3
2019-09-20;2992,072294;0,0187;2990,0;2019-10-18;46,4
2019-09-23;2991,779033;0,019;2990,0;2019-10-23;45,45
2019-09-24;2966,596004;0,0188;2970,0;2019-10-23;47,95
2019-09-25;2984,868333;0,0185;2985,0;2019-10-25;48,25
2019-09-26;2977,617436;0,0179;2980,0;2019-10-25;46,25
2019-09-27;2961,793116;0,0176;2960,0;2019-10-25;51,3
2019-09-30;2976,737272;0,0184;2975,0;2019-10-30;51,45
2019-10-01;2940,248588;0,0178;2940,0;2019-10-31;56,75
2019-10-02;2887,606504;0,0175;2890,0;2019-11-01;62,75
2019-10-03;2910,634041;0,0167;2910,0;2019-11-01;59,3
2019-10-04;2952,007564;0,0168;2950,0;2019-11-01;52,55
2019-10-07;2938,789393;0,0171;2940,0;2019-11-06;55,65
2019-10-08;2893,055581;0,0168;2900,0;2019-11-06;58,7
2019-10-09;2919,400097;0,0166;2920,0;2019-11-08;57,55
2019-10-10;2938,132355;0,0165;2940,0;2019-11-08;53,0
2019-10-11;2970,269545;0,0165;2970,0;2019-11-08;48,5
2019-10-15;2995,683133;0,0164;2995,0;2019-11-13;40,8
2019-10-16;2989,693781;0,0163;2990,0;2019-11-15;40,75
2019-10-17;2997,952886;0,0163;3000,0;2019-11-15;38,95
2019-10-18;2986,203484;0,0163;2985,0;2019-11-15;42,4
2019-10-21;3006,724282;0,0164;3005,0;2019-11-20;41,4
2019-10-22;2995,992964;0,0162;2995,0;2019-11-20;42,0
2019-10-23;3004,524331;0,0162;3005,0;2019-11-22;40,3
2019-10-24;3010,285303;0,0164;3010,0;2019-11-22;38,95
2019-10-25;3022,549644;0,0163;3025,0;2019-11-22;34,15
2019-10-28;3039,419922;0,0162;3040,0;2019-11-27;36,85
2019-10-29;3036,892248;0,016;3035,0;2019-11-27;38,4
2019-10-30;3046,7662;0,0159;3045,0;2019-11-29;35,1
2019-10-31;3037,564435;0,0151;3040,0;2019-11-29;32,8
2019-11-01;3066,914735;0,0149;3065,0;2019-11-29;32,0
2019-11-04;3078,26973;0,015;3080,0;2019-12-04;33,4
2019-11-05;3074,615917;0,0153;3075,0;2019-12-04;34,4
2019-11-06;3076,775343;0,0153;3075,0;2019-12-06;35,5
2019-11-07;3085,181861;0,0153;3085,0;2019-12-06;35,0
2019-11-08;3093,084803;0,0152;3095,0;2019-12-06;30,85
2019-11-12;3091,839016;0,0156;3090,0;2019-12-11;36,6
2019-11-13;3094,03534;0,0154;3095,0;2019-12-13;37,3
2019-11-14;3096,633127;0,0154;3095,0;2019-12-13;37,8
2019-11-15;3120,460403;0,0154;3120,0;2019-12-13;32,15
2019-11-18;3122,028007;0,0154;3120,0;2019-12-18;36,0
2019-11-19;3120,181284;0,0154;3120,0;2019-12-18;35,6
2019-11-20;3108,45815;0,0154;3110,0;2019-12-20;35,95
2019-11-21;3103,536912;0,0155;3105,0;2019-12-20;37,45
2019-11-22;3110,288349;0,0155;3110,0;2019-12-20;35,35
2019-11-25;3133,642823;0,0158;3135,0;2019-12-24;32,0
2019-11-26;3140,519864;0,0157;3140,0;2019-12-24;32,3
2019-11-27;3153,628071;0,0159;3155,0;2019-12-27;32,95
2019-11-29;3140,980628;0,0156;3140,0;2019-12-27;36,15
2019-12-02;3113,873631;0,0157;3115,0;2019-12-31;43,0
2019-12-03;3093,200913;0,0154;3095,0;2019-12-31;46,8
2019-12-04;3112,756345;0,0152;3115,0;2020-01-03;45,5
2019-12-05;3117,428588;0,0151;3115,0;2020-01-03;46,3
2019-12-06;3145,911026;0,015;3145,0;2020-01-03;40,35
2019-12-09;3135,961384;0,0151;3140,0;2020-01-08;43,6
2019-12-10;3132,518607;0,0153;3135,0;2020-01-08;44,25
2019-12-11;3141,626677;0,0154;3140,0;2020-01-10;47,2
2019-12-12;3168,569171;0,0153;3170,0;2020-01-10;39,95
2019-12-13;3168,799633;0,0154;3170,0;2020-01-10;35,55
2019-12-16;3191,449019;0,0154;3190,0;2020-01-15;36,3
2019-12-17;3192,51858;0,0153;3195,0;2020-01-15;32,95
2019-12-18;3191,142044;0,0153;3190,0;2020-01-17;40,15
2019-12-19;3205,368378;0,0154;3205,0;2020-01-17;35,6
2019-12-20;3221,224583;0,0155;3220,0;2020-01-17;36,2
2019-12-23;3224,009886;0,0156;3225,0;2020-01-22;34,4
2019-12-24;3223,3757;0,0155;3225,0;2020-01-22;33,85
2019-12-26;3239,907138;0,0155;3240,0;2020-01-24;34,55
2019-12-27;3240,020358;0,0154;3240,0;2020-01-24;38,6
2019-12-30;3221,291808;0,0154;3220,0;2020-01-29;44,95
2019-12-31;3230,78195;0,0152;3230,0;2020-01-29;39,95
2020-01-02;3257,847787;0,0151;3260,0;2020-01-31;35,35
2020-01-03;3234,848563;0,0149;3235,0;2020-01-31;43,45
2020-01-06;3246,282557;0,0153;3245,0;2020-02-05;43,5
2020-01-07;3237,182452;0,0151;3235,0;2020-02-05;44,0
2020-01-08;3253,045944;0,0151;3255,0;2020-02-07;41,65
2020-01-09;3274,704193;0,0151;3275,0;2020-02-07;37,85
2020-01-10;3265,351135;0,0151;3265,0;2020-02-07;38,2
2020-01-13;3288,13354;0,0154;3285,0;2020-02-12;39,8
2020-01-14;3283,152448;0,0154;3285,0;2020-02-12;36,6
2020-01-15;3289,292587;0,0154;3290,0;2020-02-14;37,85
2020-01-16;3316,805892;0,0152;3315,0;2020-02-14;37,5
2020-01-17;3329,622658;0,0153;3330,0;2020-02-14;34,2
2020-01-21;3320,790848;0,0153;3320,0;2020-02-19;39,35
2020-01-22;3321,746853;0,0152;3320,0;2020-02-21;42,35
2020-01-23;3325,542789;0,0152;3325,0;2020-02-21;40,45
2020-01-24;3295,473449;0,0151;3295,0;2020-02-21;45,6
2020-01-27;3243,628204;0,0152;3250,0;2020-02-26;53,7
2020-01-28;3276,24344;0,0154;3275,0;2020-02-26;52,95
2020-01-29;3273,402603;0,0153;3275,0;2020-02-28;52,3
2020-01-30;3283,659043;0,0154;3285,0;2020-02-28;49,15
2020-01-31;3225,516316;0,0152;3225,0;2020-02-28;59,15
2020-02-03;3248,924997;0,0154;3250,0;2020-03-04;56,9
2020-02-04;3297,588216;0,0154;3300,0;2020-03-04;48,5
2020-02-05;3334,694287;0,0154;3335,0;2020-03-06;46,75
2020-02-06;3345,780862;0,0154;3345,0;2020-03-06;46,05
2020-02-07;3327,706868;0,0153;3330,0;2020-03-06;46,4
2020-02-10;3352,093951;0,0155;3350,0;2020-03-11;47,25
2020-02-11;3357,747261;0,0154;3360,0;2020-03-11;43,25
2020-02-12;3379,45219;0,0155;3380,0;2020-03-13;41,6
2020-02-13;3373,937371;0,0156;3375,0;2020-03-13;42,4
2020-02-14;3380,157376;0,0155;3380,0;2020-03-13;40,4
2020-02-18;3370,286481;0,0155;3370,0;2020-03-18;43,85
2020-02-19;3386,152718;0,0155;3385,0;2020-03-20;46,15
2020-02-20;3373,231506;0,0155;3375,0;2020-03-20;46,0
2020-02-21;3337,747018;0,0153;3340,0;2020-03-20;51,05
2020-02-24;3225,886402;0,015;3250,0;2020-03-25;64,55
2020-02-25;3128,206581;0,015;3155,0;2020-03-25;71,85
2020-02-26;3116,389849;0,015;3115,0;2020-03-27;87,3
2020-02-27;2978,757832;0,0142;2990,0;2020-03-27;110,7
2020-02-28;2954,223684;0,0125;2950,0;2020-03-27;124,6
2020-03-02;3090,23284;0,011;3090,0;2020-04-01;92,5
2020-03-03;3003,365172;0,0093;3005,0;2020-04-01;109,2
2020-03-04;3130,116879;0,0071;3130,0;2020-04-03;91,35
2020-03-05;3023,940311;0,0061;3025,0;2020-04-03;116,95
2020-03-06;2972,371907;0,0045;2970,0;2020-04-03;122,85
2020-03-09;2746,559575;0,0032;2800,0;2020-04-08;125,05
2020-03-10;2882,225499;0,0043;2880,0;2020-04-09;135,0
2020-03-11;2741,383588;0,0041;2745,0;2020-04-09;154,4
2020-03-12;2480,641062;0,0033;2520,0;2020-04-09;172,9
2020-03-13;2711,021693;0,0027;2710,0;2020-04-09;132,0
2020-03-16;2386,133933;0,0024;2385,0;2020-04-09;203,1
2020-03-17;2529,194199;0,0019;2530,0;2020-04-15;178,35
2020-03-18;2398,095221;0,0002;2400,0;2020-04-17;181,7
2020-03-19;2409,386593;0,0004;2410,0;2020-04-17;178,45
2020-03-20;2304,9163;0,0005;2305,0;2020-04-17;153,25
2020-03-23;2237,395398;0,0002;2235,0;2020-04-17;141,05
2020-03-24;2447,330368;0,0001;2445,0;2020-04-20;142,3
2020-03-25;2475,558335;-0,0004;2475,0;2020-04-24;162,4
2020-03-26;2630,067156;-0,0005;2630,0;2020-04-24;149,85
2020-03-27;2541,469651;0,0003;2540,0;2020-04-24;163,4
2020-03-30;2626,645761;0,0012;2605,0;2020-04-27;148,85
2020-03-31;2584,59076;0,0011;2585,0;2020-04-30;130,15
2020-04-01;2470,50441;0,0009;2470,0;2020-05-01;143,75
2020-04-02;2526,90277;0,0009;2525,0;2020-05-01;129,05
2020-04-03;2488,648448;0,001;2490,0;2020-05-01;114,7
2020-04-06;2663,683764;0,0015;2675,0;2020-05-04;103,4
2020-04-07;2659,410632;0,0014;2650,0;2020-05-04;123,1
2020-04-08;2749,977696;0,0022;2750,0;2020-05-08;114,9
2020-04-09;2789,817333;0,0025;2790,0;2020-05-08;113,25
2020-04-13;2761,62721;0,0026;2775,0;2020-05-11;103,15
2020-04-14;2846,061093;0,002;2850,0;2020-05-11;95,5
2020-04-15;2783,362097;0,0014;2785,0;2020-05-15;112,2
2020-04-16;2799,552319;0,0014;2800,0;2020-05-15;110,35
2020-04-17;2874,564552;0,0012;2875,0;2020-05-15;99,75
2020-04-20;2823,156372;0,0012;2850,0;2020-05-18;98,8
2020-04-21;2736,563247;0,0011;2745,0;2020-05-18;115,35
2020-04-22;2799,314751;0,0012;2800,0;2020-05-22;114,4
2020-04-23;2797,796607;0,0011;2800,0;2020-05-22;109,55
2020-04-24;2836,739711;0,0012;2835,0;2020-05-22;93,1
2020-04-27;2878,479916;0,0012;2875,0;2020-05-26;87,45
2020-04-28;2863,39178;0,0011;2860,0;2020-05-26;89,5
2020-04-29;2939,505388;0,001;2940,0;2020-05-29;81,85
2020-04-30;2912,430525;0,0009;2910,0;2020-05-29;92,9
2020-05-01;2830,705049;0,0012;2830,0;2020-05-29;96,2
2020-05-04;2842,739065;0,0013;2840,0;2020-06-01;91,1
2020-05-05;2868,43539;0,0013;2870,0;2020-06-01;81,95
2020-05-06;2848,420665;0,0012;2850,0;2020-06-05;92,05
2020-05-07;2881,191449;0,0011;2880,0;2020-06-05;84,65
2020-05-08;2929,804663;0,0012;2930,0;2020-06-05;71,05
2020-05-11;2930,322833;0,0012;2930,0;2020-06-08;71,25
2020-05-12;2870,117419;0,0013;2875,0;2020-06-08;79,65
2020-05-13;2819,995847;0,0013;2820,0;2020-06-12;97,1
2020-05-14;2852,504186;0,0012;2855,0;2020-06-12;82,95
2020-05-15;2863,697499;0,0012;2865,0;2020-06-12;81,8
2020-05-18;2953,908346;0,0013;2950,0;2020-06-15;76,05
2020-05-19;2922,939685;0,0013;2925,0;2020-06-15;77,35
2020-05-20;2971,612178;0,0012;2970,0;2020-06-19;77,85
2020-05-21;2948,505568;0,0012;2950,0;2020-06-19;79,45
2020-05-22;2955,452689;0,0012;2955,0;2020-06-19;74,75
2020-05-26;2991,765054;0,0014;2990,0;2020-06-22;71,45
2020-05-27;3036,133176;0,0015;3035,0;2020-06-26;76,45
2020-05-28;3029,733092;0,0015;3030,0;2020-06-26;80,2
2020-05-29;3044,305155;0,0014;3045,0;2020-06-26;76,2
2020-06-01;3055,732871;0,0014;3055,0;2020-06-30;77,55
2020-06-02;3080,822168;0,0015;3080,0;2020-07-02;73,75
2020-06-03;3122,870199;0,0016;3125,0;2020-07-02;69,1
2020-06-04;3112,346436;0,0015;3110,0;2020-07-02;71,0
2020-06-05;3193,927762;0,0015;3195,0;2020-07-02;63,9
2020-06-08;3232,385746;0,0017;3225,0;2020-07-06;74,05
2020-06-09;3207,178056;0,0019;3200,0;2020-07-06;81,65
2020-06-10;3190,136034;0,0017;3190,0;2020-07-10;82,4
2020-06-11;3002,095352;0,0017;3000,0;2020-07-10;118,45
2020-06-12;3041,312324;0,0016;3040,0;2020-07-10;102,65
2020-06-15;3066,588842;0,0018;3065,0;2020-07-13;94,25
2020-06-16;3124,739927;0,0017;3125,0;2020-07-13;90,75
2020-06-17;3113,489062;0,0017;3115,0;2020-07-17;99,2
2020-06-18;3115,344768;0,0016;3115,0;2020-07-17;92,5
2020-06-19;3097,74249;0,0015;3100,0;2020-07-17;92,9
2020-06-22;3117,860833;0,0016;3120,0;2020-07-20;85,15
2020-06-23;3131,285629;0,0016;3130,0;2020-07-20;85,6
2020-06-24;3050,334747;0,0015;3050,0;2020-07-24;102,4
2020-06-25;3083,757684;0,0016;3085,0;2020-07-24;88,75
2020-06-26;3009,052398;0,0014;3010,0;2020-07-24;98,25
2020-06-29;3053,238892;0,0014;3050,0;2020-07-27;85,6
2020-06-30;3100,285129;0,0016;3100,0;2020-07-27;78,1
2020-07-01;3115,858421;0,0014;3115,0;2020-07-31;80,8
2020-07-02;3130,012686;0,0014;3130,0;2020-07-31;76,55
2020-07-06;3179,718754;0,0015;3180,0;2020-08-03;74,15
2020-07-07;3145,318;0,0015;3145,0;2020-08-03;79,6
2020-07-08;3169,943156;0,0015;3170,0;2020-08-07;81,4
2020-07-09;3152,048633;0,0013;3150,0;2020-08-07;85,85
2020-07-10;3185,042315;0,0013;3185,0;2020-08-07;79,05
2020-07-13;3155,223607;0,0014;3160,0;2020-08-10;87,3
2020-07-14;3197,522367;0,0015;3200,0;2020-08-10;80,05
2020-07-15;3226,559323;0,0016;3225,0;2020-08-14;82,85
2020-07-16;3215,574028;0,0011;3215,0;2020-08-14;79,25
2020-07-17;3224,730702;0,0011;3225,0;2020-08-14;72,75
2020-07-20;3251,84212;0,0013;3250,0;2020-08-17;70,7
2020-07-21;3257,298011;0,0013;3255,0;2020-08-17;69,15
2020-07-22;3276,016024;0,0013;3275,0;2020-08-21;71,05
2020-07-23;3235,663248;0,0012;3235,0;2020-08-21;74,3
2020-07-24;3215,629801;0,0011;3215,0;2020-08-21;72,55
2020-07-27;3239,406302;0,0011;3240,0;2020-08-24;66,5
2020-07-28;3218,435235;0,0011;3220,0;2020-08-24;66,9
2020-07-29;3258,438985;0,0011;3260,0;2020-08-28;66,6
2020-07-30;3246,22457;0,0009;3245,0;2020-08-28;72,95
2020-07-31;3271,12488;0,0009;3270,0;2020-08-28;64,45
2020-08-03;3294,613366;0,001;3295,0;2020-08-31;67,1
2020-08-04;3306,507552;0,0009;3305,0;2020-08-31;62,8
2020-08-05;3327,771072;0,001;3330,0;2020-09-04;65,7
2020-08-06;3349,156007;0,001;3350,0;2020-09-04;60,75
2020-08-07;3351,283233;0,001;3350,0;2020-09-04;60,9
2020-08-10;3360,472744;0,0011;3360,0;2020-09-08;61,0
2020-08-11;3333,689142;0,0011;3330,0;2020-09-08;68,65
2020-08-12;3380,349765;0,0011;3380,0;2020-09-11;64,25
2020-08-13;3373,425727;0,001;3375,0;2020-09-11;62,4
2020-08-14;3372,846828;0,001;3375,0;2020-09-11;58,9
2020-08-17;3381,994973;0,001;3380,0;2020-09-14;59,6
2020-08-18;3389,775019;0,0009;3390,0;2020-09-14;55,1
2020-08-19;3374,850266;0,0011;3375,0;2020-09-18;66,2
2020-08-20;3385,51352;0,0011;3385,0;2020-09-18;64,25
2020-08-21;3397,157731;0,001;3395,0;2020-09-18;62,15
2020-08-24;3431,282091;0,0012;3430,0;2020-09-21;58,2
2020-08-25;3443,622112;0,0011;3440,0;2020-09-21;59,55
2020-08-26;3478,732344;0,0011;3480,0;2020-09-25;67,2
2020-08-27;3484,550291;0,0011;3485,0;2020-09-25;70,75
2020-08-28;3508,014749;0,001;3510,0;2020-09-25;62,8
2020-08-31;3500,30852;0,0011;3500,0;2020-09-30;79,3
2020-09-01;3526,651303;0,0012;3525,0;2020-09-30;73,1
2020-09-02;3580,844334;0,0012;3580,0;2020-10-02;82,6
2020-09-03;3455,064907;0,0011;3455,0;2020-10-02;99,15
2020-09-04;3426,963908;0,0011;3425,0;2020-10-02;90,95
2020-09-08;3331,842834;0,0013;3330,0;2020-10-05;95,7
2020-09-09;3398,959339;0,0012;3400,0;2020-10-09;90,15
2020-09-10;3339,185066;0,0012;3340,0;2020-10-09;93,7
2020-09-11;3340,966175;0,0011;3340,0;2020-10-09;84,2
2020-09-14;3383,541642;0,0011;3380,0;2020-10-12;81,4
2020-09-15;3401,200967;0,0011;3400,0;2020-10-12;76,3
2020-09-16;3385,490996;0,0012;3385,0;2020-10-16;83,05
2020-09-17;3357,00997;0,0009;3355,0;2020-10-16;80,65
2020-09-18;3319,465835;0,001;3320,0;2020-10-16;78,3
2020-09-21;3281,059021;0,001;3275,0;2020-10-19;84,05
2020-09-22;3315,566343;0,001;3320,0;2020-10-19;74,35
2020-09-23;3236,920438;0,0011;3235,0;2020-10-23;92,1
2020-09-24;3246,587619;0,001;3245,0;2020-10-23;89,35
2020-09-25;3298,45686;0,001;3300,0;2020-10-23;80,85
2020-09-28;3351,599563;0,0011;3350,0;2020-10-26;80,1
2020-09-29;3335,474938;0,0009;3330,0;2020-10-26;85,9
2020-09-30;3362,998988;0,001;3365,0;2020-10-30;88,4
2020-10-01;3380,798563;0,0009;3380,0;2020-10-30;86,05
2020-10-02;3348,443749;0,0009;3350,0;2020-10-30;85,85
2020-10-05;3408,626824;0,001;3410,0;2020-11-04;94,9
2020-10-06;3360,952059;0,001;3360,0;2020-11-04;99,05
2020-10-07;3419,449304;0,001;3420,0;2020-11-06;96,45
2020-10-08;3446,828368;0,0009;3445,0;2020-11-06;89,3
2020-10-09;3477,134264;0,001;3475,0;2020-11-06;81,6
2020-10-13;3511,92992;0,0011;3510,0;2020-11-09;86,65
2020-10-14;3488,666045;0,0012;3490,0;2020-11-13;90,3
2020-10-15;3483,341378;0,0011;3485,0;2020-11-13;88,4
2020-10-16;3483,807843;0,0011;3485,0;2020-11-13;89,05
2020-10-19;3426,924084;0,0011;3425,0;2020-11-16;96,6
2020-10-20;3443,11676;0,001;3440,0;2020-11-16;98,15
2020-10-21;3435,555462;0,001;3435,0;2020-11-20;99,6
2020-10-22;3453,490181;0,0009;3455,0;2020-11-20;92,95
2020-10-23;3465,387216;0,001;3465,0;2020-11-20;89,45
2020-10-26;3400,968198;0,0011;3400,0;2020-11-23;107,0
2020-10-27;3390,684428;0,001;3390,0;2020-11-23;105,8
2020-10-28;3271,027385;0,001;3270,0;2020-11-27;132,75
2020-10-29;3310,112802;0,0009;3310,0;2020-11-27;120,7
2020-10-30;3269,959086;0,0009;3270,0;2020-11-27;115,35
2020-11-02;3310,241435;0,0009;3310,0;2020-11-30;107,25
2020-11-03;3369,15662;0,001;3370,0;2020-11-30;102,95
2020-11-04;3443,437073;0,001;3445,0;2020-12-04;92,75
2020-11-05;3510,447553;0,001;3510,0;2020-12-04;89,2
2020-11-06;3509,436483;0,001;3510,0;2020-12-04;78,1
2020-11-09;3550,499419;0,0011;3550,0;2020-12-07;80,65
2020-11-10;3545,533125;0,001;3550,0;2020-12-07;73,2
2020-11-12;3537,00948;0,001;3535,0;2020-12-11;81,75
2020-11-13;3585,153535;0,0009;3585,0;2020-12-11;74,0
2020-11-16;3626,907585;0,0009;3625,0;2020-12-14;67,95
2020-11-17;3609,531705;0,0009;3610,0;2020-12-14;68,35
2020-11-18;3567,789064;0,0009;3570,0;2020-12-18;78,65
2020-11-19;3581,866852;0,0007;3580,0;2020-12-18;74,55
2020-11-20;3557,543841;0,0007;3560,0;2020-12-18;74,2
2020-11-23;3577,590441;0,0008;3580,0;2020-12-21;68,0
2020-11-24;3635,406252;0,0009;3635,0;2020-12-24;70,05
2020-11-25;3629,645973;0,0009;3630,0;2020-12-24;67,45
2020-11-27;3638,353586;0,0009;3640,0;2020-12-24;63,45
2020-11-30;3621,633431;0,0008;3620,0;2020-12-28;63,75
2020-12-01;3662,453289;0,0009;3660,0;2020-12-31;71,6
2020-12-02;3669,005626;0,0009;3670,0;2020-12-31;67,75
2020-12-03;3666,716071;0,0008;3665,0;2020-12-31;66,95
2020-12-04;3699,121382;0,0009;3700,0;2020-12-31;63,35
2020-12-07;3691,963498;0,0008;3690,0;2021-01-04;65,0
2020-12-08;3702,247987;0,0009;3700,0;2021-01-04;62,5
2020-12-09;3672,819708;0,0008;3675,0;2021-01-08;77,3
2020-12-10;3668,103713;0,0008;3670,0;2021-01-08;75,3
2020-12-11;3663,457943;0,0008;3665,0;2021-01-08;74,1
2020-12-14;3647,493209;0,0009;3650,0;2021-01-11;81,1
2020-12-15;3694,622076;0,0008;3690,0;2021-01-11;72,8
2020-12-16;3701,173828;0,0009;3700,0;2021-01-15;76,3
2020-12-17;3722,482193;0,0008;3720,0;2021-01-15;71,05
2020-12-18;3709,408375;0,0008;3710,0;2021-01-15;73,2
2020-12-21;3694,9197;0,0009;3690,0;2021-01-19;79,85
2020-12-22;3687,26048;0,0009;3690,0;2021-01-19;72,9
2020-12-23;3690,013797;0,0009;3690,0;2021-01-22;78,3
2020-12-24;3703,057834;0,0009;3705,0;2021-01-22;67,6
2020-12-28;3735,355726;0,0011;3740,0;2021-01-25;64,2
2020-12-29;3727,040078;0,001;3725,0;2021-01-25;70,85
2020-12-30;3732,041998;0,0008;3730,0;2021-01-29;77,55
2020-12-31;3756,071469;0,0009;3755,0;2021-01-29;73,75
2021-01-04;3700,64683;0,0009;3700,0;2021-02-01;83,7
2021-01-05;3726,85581;0,0009;3725,0;2021-02-01;77,2
2021-01-06;3748,137823;0,0009;3750,0;2021-02-05;84,55
2021-01-07;3803,790392;0,0009;3805,0;2021-02-05;73,55
2021-01-08;3824,680944;0,0008;3825,0;2021-02-05;70,85
2021-01-11;3799,605166;0,0008;3800,0;2021-02-08;77,9
2021-01-12;3801,191142;0,0009;3800,0;2021-02-08;76,6
2021-01-13;3809,843285;0,0009;3810,0;2021-02-12;75,8
2021-01-14;3795,541366;0,0009;3795,0;2021-02-12;79,55
2021-01-15;3768,24629;0,0009;3770,0;2021-02-12;76,45
2021-01-19;3798,907531;0,0009;3800,0;2021-02-16;71,3
2021-01-20;3851,845936;0,0008;3850,0;2021-02-19;73,8
2021-01-21;3853,073298;0,0009;3855,0;2021-02-19;69,75
2021-01-22;3841,465571;0,0008;3840,0;2021-02-19;71,95
2021-01-25;3855,355735;0,0009;3860,0;2021-02-22;68,3
2021-01-26;3849,621265;0,0007;3850,0;2021-02-22;71,05
2021-01-27;3750,773205;0,0008;3750,0;2021-02-26;110,0
2021-01-28;3787,376856;0,0007;3785,0;2021-02-26;98,8
2021-01-29;3714,24269;0,0006;3715,0;2021-02-26;105,85
2021-02-01;3773,857104;0,0007;3775,0;2021-03-01;90,3
2021-02-02;3826,312895;0,0007;3825,0;2021-03-01;78,3
2021-02-03;3830,172536;0,0004;3830,0;2021-03-05;80,25
2021-02-04;3871,740604;0,0004;3870,0;2021-03-05;69,3
2021-02-05;3886,831681;0,0003;3885,0;2021-03-05;67,95
2021-02-08;3915,588575;0,0005;3920,0;2021-03-08;60,85
2021-02-09;3911,227665;0,0004;3910,0;2021-03-08;67,25
2021-02-10;3909,879748;0,0005;3910,0;2021-03-12;73,15
2021-02-11;3916,37501;0,0005;3915,0;2021-03-12;70,75
2021-02-12;3934,833673;0,0004;3935,0;2021-03-12;64,8
2021-02-16;3932,589251;0,0004;3930,0;2021-03-15;67,75
2021-02-17;3931,330516;0,0004;3930,0;2021-03-19;72,5
2021-02-18;3913,971292;0,0003;3915,0;2021-03-19;73,8
2021-02-19;3906,707848;0,0004;3905,0;2021-03-19;70,9
2021-02-22;3876,499884;0,0003;3875,0;2021-03-22;78,85
2021-02-23;3881,368924;0,0004;3880,0;2021-03-22;75,6
2021-02-24;3925,427648;0,0003;3925,0;2021-03-26;73,4
2021-02-25;3829,336091;0,0004;3830,0;2021-03-26;102,45
2021-02-26;3811,14975;0,0004;3810,0;2021-03-26;98,4
2021-03-01;3901,815586;0,0005;3900,0;2021-03-31;74,1
2021-03-02;3870,293829;0,0004;3870,0;2021-04-01;83,55
2021-03-03;3819,716534;0,0005;3820,0;2021-04-01;90,8
2021-03-04;3768,473666;0,0004;3770,0;2021-04-01;94,05
2021-03-05;3841,941371;0,0004;3840,0;2021-04-01;81,15
2021-03-08;3821,346679;0,0005;3820,0;2021-04-05;89,2
2021-03-09;3875,442473;0,0005;3875,0;2021-04-05;77,35
2021-03-10;3898,805102;0,0004;3900,0;2021-04-09;77,6
2021-03-11;3939,338393;0,0004;3940,0;2021-04-09;71,2
2021-03-12;3943,342795;0,0004;3945,0;2021-04-09;67,2
2021-03-15;3968,937213;0,0004;3970,0;2021-04-12;61,9
2021-03-16;3962,707533;0,0002;3960,0;2021-04-12;65,65
2021-03-17;3974,116307;0,0002;3975,0;2021-04-16;64,85
2021-03-18;3915,461274;0,0001;3915,0;2021-04-16;75,25
2021-03-19;3913,099205;0,0001;3915,0;2021-04-16;66,8
2021-03-22;3940,585237;0,0003;3940,0;2021-04-19;60,95
2021-03-23;3910,515836;0,0001;3910,0;2021-04-19;64,5
2021-03-24;3889,141982;0,0002;3890,0;2021-04-23;73,95
2021-03-25;3909,515508;0,0002;3910,0;2021-04-23;68,15
2021-03-26;3974,536873;0,0002;3975,0;2021-04-23;57,6
2021-03-29;3971,094741;0,0003;3975,0;2021-04-26;63,5
2021-03-30;3958,552335;0,0002;3960,0;2021-04-26;57,45
2021-03-31;3972,892208;0,0003;3975,0;2021-04-30;70,2
2021-04-01;4019,865445;0,0002;4020,0;2021-04-30;59,0
2021-04-05;4077,913702;0,0003;4080,0;2021-05-03;58,15
2021-04-06;4073,940668;0,0002;4075,0;2021-05-03;57,7
2021-04-07;4079,952926;0,0002;4080,0;2021-05-07;60,1
2021-04-08;4097,168046;0,0001;4095,0;2021-05-07;60,15
2021-04-09;4128,80208;0,0002;4130,0;2021-05-07;56,75
2021-04-12;4127,993234;0,0002;4130,0;2021-05-10;57,95
2021-04-13;4141,593759;0,0003;4140,0;2021-05-10;57,6
2021-04-14;4124,66063;0,0002;4125,0;2021-05-14;62,4
2021-04-15;4170,42279;0,0002;4170,0;2021-05-14;57,95
2021-04-16;4185,468711;0,0002;4185,0;2021-05-14;57,35
2021-04-19;4163,258095;0,0002;4160,0;2021-05-17;62,65
2021-04-20;4134,939425;0,0003;4130,0;2021-05-17;68,8
2021-04-21;4173,421559;0,0003;4175,0;2021-05-21;62,45
2021-04-22;4134,981665;0,0003;4135,0;2021-05-21;69,7
2021-04-23;4180,167376;0,0003;4180,0;2021-05-21;60,95
2021-04-26;4187,61747;0,0003;4190,0;2021-05-24;59,25
2021-04-27;4186,718222;0,0001;4190,0;2021-05-24;58,45
2021-04-28;4183,183002;0,0001;4185,0;2021-05-28;63,25
2021-04-29;4211,474874;0,0001;4210,0;2021-05-28;62,25
2021-04-30;4181,174895;0,0001;4180,0;2021-05-28;64,95
2021-05-03;4192,657608;0,0004;4190,0;2021-06-01;63,15
2021-05-04;4164,659037;0,0002;4160,0;2021-06-01;69,4
2021-05-05;4167,587767;0,0002;4170,0;2021-06-04;66,65
2021-05-06;4201,61878;0,0002;4200,0;2021-06-04;62,35
2021-05-07;4232,601378;0,0002;4235,0;2021-06-04;55,1
2021-05-10;4188,42735;0,0002;4190,0;2021-06-07;64,9
2021-05-11;4152,095308;0,0001;4150,0;2021-06-07;74,6
2021-05-12;4063,03788;0,0002;4065,0;2021-06-11;100,45
2021-05-13;4112,496014;0,0002;4110,0;2021-06-11;86,8
2021-05-14;4173,854094;0,0001;4175,0;2021-06-11;65,5
2021-05-17;4163,290455;0,0002;4160,0;2021-06-14;70,0
2021-05-18;4127,829825;0,0002;4130,0;2021-06-14;71,35
2021-05-19;4115,676785;0,0001;4115,0;2021-06-18;79,25
2021-05-20;4159,124418;0,0001;4160,0;2021-06-18;70,4
2021-05-21;4155,857812;0,0001;4155,0;2021-06-18;69,15
2021-05-24;4197,047252;0,0002;4200,0;2021-06-21;59,05
2021-05-25;4188,134113;0,0002;4190,0;2021-06-21;59,95
2021-05-26;4195,993634;0,0002;4195,0;2021-06-25;61,7
2021-05-27;4200,875802;0,0002;4200,0;2021-06-25;60,4
2021-05-28;4204,110546;0,0001;4205,0;2021-06-25;55,65
2021-06-01;4202,041609;0,0002;4200,0;2021-06-30;61,5
2021-06-02;4208,11922;0,0002;4210,0;2021-07-02;59,25
2021-06-03;4192,854814;0,0002;4190,0;2021-07-02;65,05
2021-06-04;4229,890604;0,0002;4230,0;2021-07-02;55,5
2021-06-07;4226,520178;0,0002;4225,0;2021-07-07;57,8
2021-06-08;4227,255004;0,0002;4225,0;2021-07-07;58,45
2021-06-09;4219,546831;0,0003;4220,0;2021-07-09;62,7
2021-06-10;4239,184154;0,0003;4240,0;2021-07-09;52,35
2021-06-11;4247,439785;0,0003;4250,0;2021-07-09;46,95
2021-06-14;4255,15033;0,0003;4260,0;2021-07-12;46,65
2021-06-15;4246,593978;0,0003;4250,0;2021-07-12;50,05
2021-06-16;4223,704192;0,0004;4225,0;2021-07-16;61,35
2021-06-17;4221,858332;0,0004;4220,0;2021-07-16;60,45
2021-06-18;4166,453237;0,0005;4170,0;2021-07-16;69,95
2021-06-21;4224,787804;0,0005;4225,0;2021-07-21;60,15
2021-06-22;4246,435018;0,0004;4245,0;2021-07-21;54,85
2021-06-23;4241,835989;0,0005;4240,0;2021-07-23;57,3
2021-06-24;4266,485781;0,0005;4265,0;2021-07-23;52,9
2021-06-25;4280,702422;0,0006;4280,0;2021-07-23;49,35
2021-06-28;4290,607785;0,0005;4290,0;2021-07-28;52,25
2021-06-29;4291,801656;0,0004;4290,0;2021-07-28;53,45
2021-06-30;4297,496632;0,0005;4295,0;2021-07-30;55,6
2021-07-01;4319,940081;0,0005;4320,0;2021-07-30;49,85
2021-07-02;4352,338879;0,0005;4350,0;2021-07-30;49,35
2021-07-06;4343,543069;0,0005;4340,0;2021-08-02;53,75
2021-07-07;4358,133227;0,0005;4360,0;2021-08-06;55,15
2021-07-08;4320,817646;0,0006;4320,0;2021-08-06;65,25
2021-07-09;4369,550998;0,0006;4370,0;2021-08-06;52,45
2021-07-12;4384,625725;0,0005;4380,0;2021-08-09;55,0
2021-07-13;4369,209766;0,0005;4370,0;2021-08-09;55,1
2021-07-14;4374,296633;0,0006;4375,0;2021-08-13;59,05
2021-07-15;4360,026744;0,0005;4360,0;2021-08-13;59,6
2021-07-16;4327,158154;0,0005;4325,0;2021-08-13;65,75
2021-07-19;4258,492631;0,0005;4260,0;2021-08-16;77,15
2021-07-20;4323,058604;0,0005;4325,0;2021-08-16;65,1
2021-07-21;4358,693294;0,0005;4360,0;2021-08-20;60,4
2021-07-22;4367,47506;0,0005;4365,0;2021-08-20;62,55
2021-07-23;4411,792422;0,0005;4410,0;2021-08-20;56,65
2021-07-26;4422,303542;0,0005;4420,0;2021-08-23;57,05
2021-07-27;4401,463058;0,0005;4400,0;2021-08-23;60,15
2021-07-28;4400,635507;0,0005;4400,0;2021-08-27;66,35
2021-07-29;4419,148765;0,0006;4420,0;2021-08-27;60,1
2021-07-30;4395,263972;0,0006;4395,0;2021-08-27;62,4
2021-08-02;4387,155946;0,0005;4385,0;2021-08-31;68,2
2021-08-03;4423,153624;0,0005;4425,0;2021-08-31;56,1
2021-08-04;4402,661048;0,0005;4405,0;2021-09-03;63,05
2021-08-05;4429,102989;0,0005;4430,0;2021-09-03;57,8
2021-08-06;4436,517757;0,0006;4435,0;2021-09-03;55,1
2021-08-09;4432,352995;0,0006;4430,0;2021-09-07;56,85
2021-08-10;4436,752879;0,0005;4435,0;2021-09-07;54,1
2021-08-11;4447,703577;0,0005;4450,0;2021-09-10;54,1
2021-08-12;4460,831919;0,0006;4460,0;2021-09-10;53,15
2021-08-13;4468,003244;0,0006;4470,0;2021-09-10;46,7
2021-08-16;4479,70872;0,0006;4480,0;2021-09-13;49,95
2021-08-17;4448,075405;0,0007;4450,0;2021-09-13;55,3
2021-08-18;4400,266336;0,0007;4400,0;2021-09-17;76,35
2021-08-19;4405,802893;0,0006;4405,0;2021-09-17;74,0
2021-08-20;4441,665182;0,0005;4440,0;2021-09-17;62,35
2021-08-23;4479,530464;0,0005;4480,0;2021-09-20;53,45
2021-08-24;4486,234137;0,0005;4485,0;2021-09-20;52,5
2021-08-25;4496,190894;0,0006;4495,0;2021-09-24;58,4
2021-08-26;4469,996354;0,0005;4470,0;2021-09-24;64,0
2021-08-27;4509,369089;0,0005;4510,0;2021-09-24;50,95
2021-08-30;4528,793664;0,0005;4530,0;2021-09-27;50,6
2021-08-31;4522,680119;0,0004;4525,0;2021-09-30;56,5
2021-09-01;4524,092271;0,0005;4525,0;2021-10-01;55,05
2021-09-02;4536,946164;0,0005;4535,0;2021-10-01;56,3
2021-09-03;4535,432645;0,0005;4535,0;2021-10-01;53,65
2021-09-07;4520,027755;0,0005;4520,0;2021-10-04;56,6
2021-09-08;4514,068525;0,0005;4515,0;2021-10-08;61,55
2021-09-09;4493,284297;0,0004;4495,0;2021-10-08;66,3
2021-09-10;4458,579855;0,0005;4460,0;2021-10-08;73,7
2021-09-13;4468,726298;0,0006;4470,0;2021-10-11;66,85
2021-09-14;4443,049865;0,0004;4445,0;2021-10-11;68,6
2021-09-15;4480,701494;0,0004;4480,0;2021-10-15;66,7
2021-09-16;4473,752752;0,0004;4475,0;2021-10-15;65,85
2021-09-17;4432,98748;0,0004;4435,0;2021-10-15;73,85
2021-09-20;4357,727866;0,0004;4350,0;2021-10-18;98,15
2021-09-21;4354,188856;0,0003;4350,0;2021-10-18;93,35
2021-09-22;4395,637139;0,0003;4395,0;2021-10-22;80,15
2021-09-23;4448,984053;0,0003;4450,0;2021-10-22;67,45
2021-09-24;4455,477916;0,0003;4455,0;2021-10-22;64,75
2021-09-27;4443,110401;0,0004;4440,0;2021-10-25;67,0
2021-09-28;4352,634347;0,0004;4350,0;2021-10-25;89,2
2021-09-29;4359,461058;0,0004;4360,0;2021-10-29;91,9
2021-09-30;4307,538751;0,0004;4310,0;2021-10-29;97,6
2021-10-01;4357,038875;0,0004;4355,0;2021-10-29;82,55
2021-10-04;4300,459012;0,0004;4300,0;2021-11-01;91,35
2021-10-05;4345,71622;0,0004;4345,0;2021-11-01;82,3
2021-10-06;4363,545162;0,0004;4365,0;2021-11-05;86,2
2021-10-07;4399,763308;0,0005;4400,0;2021-11-05;76,6
2021-10-08;4391,338052;0,0005;4390,0;2021-11-05;76,25
2021-10-12;4350,645968;0,0006;4350,0;2021-11-08;76,35
2021-10-13;4363,804508;0,0005;4365,0;2021-11-12;73,4
2021-10-14;4438,26438;0,0005;4440,0;2021-11-12;60,9
2021-10-15;4471,368454;0,0005;4470,0;2021-11-12;60,25
2021-10-18;4486,460492;0,0006;4490,0;2021-11-15;55,85
2021-10-19;4519,630612;0,0005;4520,0;2021-11-15;52,95
2021-10-20;4536,19214;0,0005;4535,0;2021-11-19;57,85
2021-10-21;4549,781347;0,0006;4550,0;2021-11-19;56,35
2021-10-22;4544,898253;0,0006;4545,0;2021-11-19;57,05
2021-10-25;4566,478002;0,0006;4570,0;2021-11-22;52,0
2021-10-26;4574,788837;0,0006;4575,0;2021-11-22;57,0
2021-10-27;4551,681135;0,0006;4550,0;2021-11-26;67,9
2021-10-28;4596,415079;0,0006;4595,0;2021-11-26;59,65
2021-10-29;4605,376648;0,0005;4605,0;2021-11-26;60,1
2021-11-01;4613,673008;0,0005;4615,0;2021-11-30;57,4
2021-11-02;4630,653361;0,0005;4630,0;2021-11-30;57,05
2021-11-03;4660,569583;0,0005;4660,0;2021-12-03;58,25
2021-11-04;4680,055843;0,0004;4680,0;2021-12-03;54,2
2021-11-05;4697,526805;0,0005;4700,0;2021-12-03;56,45
2021-11-08;4701,702043;0,0006;4700,0;2021-12-06;59,15
2021-11-09;4685,251177;0,0004;4690,0;2021-12-06;57,2
2021-11-10;4646,707668;0,0005;4645,0;2021-12-10;75,2
2021-11-12;4682,847396;0,0005;4685,0;2021-12-10;59,55
2021-11-15;4682,803544;0,0005;4680,0;2021-12-13;61,35
2021-11-16;4700,89713;0,0005;4700,0;2021-12-13;59,15
2021-11-17;4688,6707;0,0005;4690,0;2021-12-17;68,75
2021-11-18;4704,541943;0,0005;4705,0;2021-12-17;67,05
2021-11-19;4697,955106;0,0005;4700,0;2021-12-17;66,35
2021-11-22;4682,943948;0,0005;4690,0;2021-12-20;69,4
2021-11-23;4690,698051;0,0006;4690,0;2021-12-23;74,95
2021-11-24;4701,464854;0,0006;4700,0;2021-12-23;72,8
2021-11-26;4594,618278;0,0006;4595,0;2021-12-23;107,1
2021-11-29;4655,270189;0,0006;4660,0;2021-12-27;80,65
2021-11-30;4567,001494;0,0005;4570,0;2021-12-27;102,2
2021-12-01;4513,036155;0,0006;4515,0;2021-12-31;126,05
2021-12-02;4577,100532;0,0005;4575,0;2021-12-31;106,9
2021-12-03;4538,427865;0,0006;4540,0;2021-12-31;115,0
2021-12-06;4591,671795;0,0006;4600,0;2022-01-03;95,4
2021-12-07;4686,745461;0,0006;4675,0;2022-01-03;88,25
2021-12-08;4701,207864;0,0007;4700,0;2022-01-07;81,9
2021-12-09;4667,453953;0,0006;4665,0;2022-01-07;88,65
2021-12-10;4712,024136;0,0006;4710,0;2022-01-07;73,4
2021-12-13;4668,972086;0,0005;4675,0;2022-01-10;77,65
2021-12-14;4634,087615;0,0005;4630,0;2022-01-10;87,3
2021-12-15;4709,853905;0,0006;4710,0;2022-01-14;78,45
2021-12-16;4668,671197;0,0005;4670,0;2022-01-14;86,9
2021-12-17;4620,638985;0,0005;4620,0;2022-01-14;93,4
2021-12-20;4568,017243;0,0007;4570,0;2022-01-18;98,3
2021-12-21;4649,226641;0,0007;4650,0;2022-01-18;83,4
2021-12-22;4696,561572;0,0008;4695,0;2022-01-21;78,8
2021-12-23;4725,788242;0,0008;4725,0;2022-01-21;73,8
2021-12-27;4791,191955;0,0006;4800,0;2022-01-24;59,0
2021-12-28;4786,354117;0,0006;4775,0;2022-01-24;69,7
2021-12-29;4793,058121;0,0005;4795,0;2022-01-28;69,1
2021-12-30;4778,726906;0,0005;4780,0;2022-01-28;68,95
2021-12-31;4766,182972;0,0006;4765,0;2022-01-28;69,4
2022-01-03;4796,561248;0,0009;4795,0;2022-01-31;60,5
2022-01-04;4793,537223;0,0008;4795,0;2022-01-31;62,2
2022-01-05;4700,578368;0,0009;4700,0;2022-02-04;86,45
2022-01-06;4696,053828;0,001;4695,0;2022-02-04;83,6
2022-01-07;4677,027657;0,001;4675,0;2022-02-04;80,8
2022-01-10;4670,290379;0,0013;4670,0;2022-02-07;76,55
2022-01-11;4713,067322;0,0012;4710,0;2022-02-07;73,5
2022-01-12;4726,345723;0,0012;4725,0;2022-02-11;77,0
2022-01-13;4659,02549;0,0012;4660,0;2022-02-11;85,55
2022-01-14;4662,854119;0,0013;4665,0;2022-02-11;81,25
2022-01-18;4577,108401;0,0017;4575,0;2022-02-14;97,7
2022-01-19;4532,759623;0,0017;4535,0;2022-02-18;102,8
2022-01-20;4482,727603;0,0018;4485,0;2022-02-18;103,15
2022-01-21;4397,939175;0,0017;4400,0;2022-02-18;124,95
2022-01-24;4410,127426;0,002;4420,0;2022-02-22;116,0
2022-01-25;4356,453875;0,002;4355,0;2022-02-22;126,65
2022-01-26;4349,928636;0,0019;4350,0;2022-02-25;124,15
2022-01-27;4326,513682;0,002;4325,0;2022-02-25;127,5
2022-01-28;4431,849119;0,0019;4430,0;2022-02-25;108,6
2022-01-31;4515,547579;0,0024;4515,0;2022-02-28;94,65
2022-02-01;4546,539026;0,002;4545,0;2022-02-28;85,1
2022-02-02;4589,37656;0,002;4590,0;2022-03-04;84,25
2022-02-03;4477,441954;0,0021;4475,0;2022-03-04;108,45
2022-02-04;4500,531457;0,0023;4500,0;2022-03-04;97,25
2022-02-07;4483,865293;0,0028;4480,0;2022-03-07;92,8
2022-02-08;4521,538866;0,0027;4520,0;2022-03-07;83,6
2022-02-09;4587,178889;0,0027;4585,0;2022-03-11;82,05
2022-02-10;4504,084787;0,0041;4505,0;2022-03-11;100,0
2022-02-11;4418,636517;0,0037;4420,0;2022-03-11;111,75
2022-02-14;4401,666982;0,0045;4400,0;2022-03-14;113,1
2022-02-15;4471,074247;0,0041;4470,0;2022-03-14;93,0
2022-02-16;4475,0111;0,0039;4475,0;2022-03-18;102,2
2022-02-17;4380,258563;0,0037;4380,0;2022-03-18;115,9
2022-02-18;4348,869197;0,0035;4350,0;2022-03-18;114,65
2022-02-22;4304,757602;0,0039;4300,0;2022-03-21;117,3
2022-02-23;4225,504881;0,0036;4225,0;2022-03-25;129,9
2022-02-24;4288,696013;0,0033;4290,0;2022-03-25;114,85
2022-02-25;4384,654491;0,0033;4385,0;2022-03-25;109,2
2022-02-28;4373,939149;0,0037;4350,0;2022-03-28;130,75
2022-03-01;4306,258893;0,0032;4305,0;2022-03-31;140,85
2022-03-02;4386,544091;0,0033;4385,0;2022-04-01;125,7
2022-03-03;4363,486749;0,0037;4365,0;2022-04-01;123,1
2022-03-04;4328,872886;0,0033;4330,0;2022-04-01;127,65
2022-03-07;4201,087793;0,0038;4200,0;2022-04-04;142,25
2022-03-08;4170,704104;0,0036;4200,0;2022-04-04;115,7
2022-03-09;4277,880102;0,0038;4280,0;2022-04-08;128,45
2022-03-10;4259,524999;0,0038;4260,0;2022-04-08;127,2
2022-03-11;4204,311851;0,0039;4205,0;2022-04-08;125,25
2022-03-14;4173,111725;0,0045;4160,0;2022-04-11;135,5
2022-03-15;4262,445606;0,0046;4260,0;2022-04-14;125,9
2022-03-16;4357,857096;0,0043;4360,0;2022-04-14;104,35
2022-03-17;4411,667616;0,004;4410,0;2022-04-14;97,15
2022-03-18;4463,11759;0,0041;4465,0;2022-04-14;91,3
2022-03-21;4461,180137;0,0055;4460,0;2022-04-18;92,3
2022-03-22;4511,606159;0,0051;4510,0;2022-04-18;86,7
2022-03-23;4456,236047;0,005;4455,0;2022-04-22;97,65
2022-03-24;4520,161526;0,005;4520,0;2022-04-22;86,7
2022-03-25;4543,056379;0,0053;4545,0;2022-04-22;79,4
2022-03-28;4575,516325;0,006;4580,0;2022-04-25;71,4
2022-03-29;4631,604852;0,0056;4630,0;2022-04-25;72,7
2022-03-30;4602,448612;0,0055;4600,0;2022-04-29;82,55
2022-03-31;4530,413452;0,0051;4530,0;2022-04-29;95,75
2022-04-01;4545,855537;0,0052;4545,0;2022-04-29;78,8
2022-04-04;4582,636094;0,0067;4580,0;2022-05-02;70,15
2022-04-05;4525,12211;0,0065;4525,0;2022-05-02;78,15
2022-04-06;4481,153336;0,0067;4480,0;2022-05-06;95,25
2022-04-07;4500,209423;0,0068;4500,0;2022-05-06;91,05
2022-04-08;4488,281751;0,0069;4490,0;2022-05-06;85,8
2022-04-11;4412,528779;0,0078;4410,0;2022-05-09;99,2
2022-04-12;4397,447236;0,0074;4400,0;2022-05-09;96,2
2022-04-13;4446,591793;0,0075;4445,0;2022-05-13;92,3
2022-04-14;4392,587662;0,0078;4395,0;2022-05-13;93,6
2022-04-18;4391,690372;0,0082;4390,0;2022-05-16;91,1
2022-04-19;4462,210079;0,0082;4460,0;2022-05-16;84,7
2022-04-20;4459,450335;0,0082;4460,0;2022-05-20;89,6
2022-04-21;4393,663475;0,0082;4395,0;2022-05-20;96,65
2022-04-22;4271,775619;0,0082;4270,0;2022-05-20;115,7
2022-04-25;4296,116465;0,0093;4300,0;2022-05-23;106,65
2022-04-26;4175,197276;0,0084;4175,0;2022-05-23;127,0
2022-04-27;4183,955297;0,0082;4180,0;2022-05-27;129,05
2022-04-28;4287,501063;0,0081;4290,0;2022-05-27;112,9
2022-04-29;4131,92641;0,0083;4130,0;2022-05-27;129,5
2022-05-02;4155,377569;0,009;4155,0;2022-05-31;124,1
2022-05-03;4175,475703;0,009;4175,0;2022-05-31;115,65
2022-05-04;4300,173766;0,0088;4300,0;2022-06-03;105,8
2022-05-05;4146,867602;0,0084;4145,0;2022-06-03;126,95
2022-05-06;4123,33565;0,0084;4125,0;2022-06-03;118,85
2022-05-09;3991,23738;0,0092;4050,0;2022-06-06;101,25
2022-05-10;4001,054695;0,0089;4000,0;2022-06-06;126,15
2022-05-11;3935,184603;0,009;3935,0;2022-06-10;130,4
2022-05-12;3930,081903;0,0095;3930,0;2022-06-10;126,6
2022-05-13;4023,89127;0,0101;4025,0;2022-06-10;114,55
2022-05-16;4008,010483;0,0107;4000,0;2022-06-13;112,8
2022-05-17;4088,850412;0,0106;4085,0;2022-06-13;102,45
2022-05-18;3923,679764;0,0102;3925,0;2022-06-17;124,15
2022-05-19;3900,786939;0,0104;3900,0;2022-06-17;118,1
2022-05-20;3901,360576;0,0101;3900,0;2022-06-17;115,7
2022-05-23;3973,751583;0,0107;3975,0;2022-06-21;111,45
2022-05-24;3941,476943;0,0105;3940,0;2022-06-21;114,3
2022-05-25;3978,732681;0,0105;3980,0;2022-06-24;117,1
2022-05-26;4057,84078;0,0106;4060,0;2022-06-24;110,8
2022-05-27;4158,238361;0,0106;4160,0;2022-06-24;101,85
2022-05-31;4132,147782;0,0113;4130,0;2022-06-30;114,55
2022-06-01;4101,229812;0,0112;4100,0;2022-07-01;113,25
2022-06-02;4176,817943;0,0113;4175,0;2022-07-01;105,3
2022-06-03;4108,535408;0,0117;4110,0;2022-07-01;103,3
2022-06-06;4121,429431;0,0123;4120,0;2022-07-05;102,0
2022-06-07;4160,683327;0,0124;4160,0;2022-07-05;98,95
2022-06-08;4115,772471;0,0125;4115,0;2022-07-08;101,7
2022-06-09;4017,818495;0,0126;4020,0;2022-07-08;107,75
2022-06-10;3900,864476;0,0134;3900,0;2022-07-08;115,35
2022-06-13;3749,627287;0,0169;3750,0;2022-07-11;123,9
2022-06-14;3735,483134;0,0178;3750,0;2022-07-11;108,6
2022-06-15;3789,986325;0,0169;3790,0;2022-07-15;117,9
2022-06-16;3666,767502;0,0154;3665,0;2022-07-15;120,95
2022-06-17;3674,84136;0,0158;3675,0;2022-07-15;112,85
2022-06-21;3764,787971;0,0166;3775,0;2022-07-18;100,75
2022-06-22;3759,893112;0,0157;3760,0;2022-07-22;116,25
2022-06-23;3795,727406;0,0159;3795,0;2022-07-22;112,3
2022-06-24;3911,743851;0,0166;3910,0;2022-07-22;104,8
2022-06-27;3900,114131;0,0175;3900,0;2022-07-25;100,4
2022-06-28;3821,545859;0,0175;3825,0;2022-07-25;101,65
2022-06-29;3818,832719;0,0173;3820,0;2022-07-29;114,6
2022-06-30;3785,384846;0,0166;3785,0;2022-07-29;108,75
2022-07-01;3825,326105;0,0166;3825,0;2022-07-29;104,35
2022-07-05;3831,390402;0,0186;3830,0;2022-08-01;105,2
2022-07-06;3845,081223;0,0185;3845,0;2022-08-05;111,05
2022-07-07;3902,622495;0,0189;3905,0;2022-08-05;104,8
2022-07-08;3899,377148;0,0191;3900,0;2022-08-05;99,5
2022-07-11;3854,433263;0,0213;3850,0;2022-08-08;103,8
2022-07-12;3818,797783;0,0216;3830,0;2022-08-08;96,4
2022-07-13;3801,780627;0,0233;3800,0;2022-08-12;110,9
2022-07-14;3790,377382;0,0233;3790,0;2022-08-12;106,1
2022-07-15;3863,162827;0,0229;3865,0;2022-08-12;92,5
2022-07-18;3830,852851;0,0244;3830,0;2022-08-15;97,9
2022-07-19;3936,68953;0,0246;3950,0;2022-08-15;86,15
2022-07-20;3959,89872;0,0244;3960,0;2022-08-19;99,15
2022-07-21;3998,95142;0,024;4000,0;2022-08-19;92,2
2022-07-22;3961,634881;0,0241;3960,0;2022-08-19;89,75
2022-07-25;3966,844984;0,0255;3970,0;2022-08-22;86,9
2022-07-26;3921,049611;0,0248;3925,0;2022-08-22;89,75
2022-07-27;4023,612423;0,0237;4025,0;2022-08-26;95,5
2022-07-28;4072,4343;0,0235;4070,0;2022-08-26;92,4
2022-07-29;4130,285774;0,0234;4130,0;2022-08-26;86,9
2022-08-01;4118,629566;0,0248;4120,0;2022-08-31;93,9
2022-08-02;4091,185103;0,0248;4090,0;2022-08-31;97,5
2022-08-03;4155,172736;0,0244;4155,0;2022-09-02;93,7
2022-08-04;4151,944184;0,0241;4150,0;2022-09-02;89,6
2022-08-05;4145,189077;0,0248;4145,0;2022-09-02;83,45
2022-08-08;4140,058351;0,0257;4140,0;2022-09-06;85,25
2022-08-09;4122,465867;0,0258;4120,0;2022-09-06;86,0
2022-08-10;4210,240513;0,0256;4210,0;2022-09-09;82,1
2022-08-11;4207,274432;0,0252;4205,0;2022-09-09;83,45
2022-08-12;4280,150528;0,0253;4280,0;2022-09-09;78,65
2022-08-15;4297,143481;0,0263;4300,0;2022-09-12;77,4
2022-08-16;4305,199324;0,0261;4300,0;2022-09-12;81,3
2022-08-17;4274,038653;0,0259;4275,0;2022-09-16;89,0
2022-08-18;4283,742822;0,0261;4285,0;2022-09-16;82,75
2022-08-19;4228,478488;0,0264;4230,0;2022-09-16;85,65
2022-08-22;4137,985374;0,0274;4140,0;2022-09-19;93,2
2022-08-23;4128,728611;0,0271;4140,0;2022-09-19;86,45
2022-08-24;4140,768431;0,0273;4140,0;2022-09-23;100,1
2022-08-25;4199,119587;0,0278;4200,0;2022-09-23;92,05
2022-08-26;4057,663071;0,0278;4060,0;2022-09-23;104,45
2022-08-29;4030,612996;0,0289;4025,0;2022-09-26;109,95
2022-08-30;3986,161883;0,0288;4000,0;2022-09-26;95,25
2022-08-31;3954,999001;0,0287;3955,0;2022-09-30;111,7
2022-09-01;3966,850262;0,0288;3965,0;2022-09-30;103,3
2022-09-02;3924,25958;0,0285;3925,0;2022-09-30;98,95
2022-09-06;3908,189988;0,0296;3910,0;2022-10-03;102,5
2022-09-07;3979,874896;0,0298;3980,0;2022-10-07;102,5
2022-09-08;4006,179117;0,0297;4005,0;2022-10-07;96,0
2022-09-09;4067,362325;0,0298;4065,0;2022-10-07;96,4
2022-09-12;4110,40806;0,0309;4100,0;2022-10-10;102,9
2022-09-13;3932,6933;0,0319;3950,0;2022-10-10;94,35
2022-09-14;3946,012382;0,0314;3945,0;2022-10-14;110,0
2022-09-15;3901,352835;0,0312;3900,0;2022-10-14;110,75
2022-09-16;3873,334273;0,031;3875,0;2022-10-14;108,45
2022-09-19;3899,885942;0,0329;3900,0;2022-10-17;105,65
2022-09-20;3855,934321;0,0326;3860,0;2022-10-18;107,5
2022-09-21;3789,932741;0,0321;3790,0;2022-10-21;121,05
2022-09-22;3757,991178;0,0319;3760,0;2022-10-21;113,85
2022-09-23;3693,233529;0,0312;3695,0;2022-10-21;111,55
2022-09-26;3655,042215;0,033;3650,0;2022-10-24;124,0
2022-09-27;3647,289929;0,0326;3675,0;2022-10-25;104,7
2022-09-28;3719,03873;0,0329;3720,0;2022-10-28;120,55
2022-09-29;3640,46814;0,0326;3640,0;2022-10-28;122,3
2022-09-30;3585,624104;0,0322;3585,0;2022-10-28;117,95
2022-10-03;3678,428813;0,0334;3680,0;2022-11-01;110,2
2022-10-04;3790,928857;0,0332;3800,0;2022-11-02;105,3
2022-10-05;3783,281381;0,0333;3785,0;2022-11-04;112,95
2022-10-06;3744,519832;0,0332;3745,0;2022-11-04;117,75
2022-10-07;3639,660026;0,0331;3640,0;2022-11-04;118,2
2022-10-11;3588,841908;0,0353;3580,0;2022-11-09;129,4
2022-10-12;3577,031654;0,0356;3575,0;2022-11-11;131,65
2022-10-13;3669,905665;0,0364;3670,0;2022-11-11;127,65
2022-10-14;3583,069115;0,0365;3585,0;2022-11-11;119,8
2022-10-17;3677,953797;0,0382;3730,0;2022-11-15;93,9
2022-10-18;3719,982716;0,0389;3700,0;2022-11-16;128,25
2022-10-19;3695,155137;0,0391;3695,0;2022-11-18;123,5
2022-10-20;3665,7803;0,0391;3665,0;2022-11-18;119,8
2022-10-21;3752,747853;0,039;3755,0;2022-11-18;117,65
2022-10-24;3797,337771;0,04;3800,0;2022-11-22;118,85
2022-10-25;3859,113515;0,0397;3850,0;2022-11-23;122,8
2022-10-26;3830,59586;0,0394;3830,0;2022-11-25;115,25
2022-10-27;3807,298117;0,0395;3805,0;2022-11-25;111,75
2022-10-28;3901,063797;0,0399;3900,0;2022-11-25;108,25
2022-10-31;3871,977221;0,0406;3870,0;2022-11-30;111,45
2022-11-01;3856,101786;0,0406;3860,0;2022-12-01;108,7
2022-11-02;3759,690465;0,0404;3760,0;2022-12-02;110,25
2022-11-03;3719,893285;0,0406;3720,0;2022-12-02;103,15
2022-11-04;3770,546438;0,0402;3770,0;2022-12-02;97,8
2022-11-07;3806,804983;0,0412;3780,0;2022-12-06;115,55
2022-11-08;3828,108068;0,041;3830,0;2022-12-08;105,2
2022-11-09;3748,572551;0,0411;3750,0;2022-12-09;107,05
2022-11-10;3956,370267;0,0409;3960,0;2022-12-09;96,95
2022-11-14;3957,253007;0,0416;3960,0;2022-12-13;99,7
2022-11-15;3991,73333;0,0414;4000,0;2022-12-15;100,4
2022-11-16;3958,793388;0,0414;3960,0;2022-12-16;107,35
2022-11-17;3946,557985;0,0413;3945,0;2022-12-16;103,1
2022-11-18;3965,339301;0,0415;3965,0;2022-12-16;98,95
2022-11-21;3949,937176;0,0423;3940,0;2022-12-20;102,3
2022-11-22;4003,578437;0,0421;4000,0;2022-12-22;97,7
2022-11-23;4027,262183;0,0421;4025,0;2022-12-23;93,55
2022-11-25;4026,115498;0,0422;4025,0;2022-12-23;89,5
2022-11-28;3963,941853;0,043;3975,0;2022-12-27;88,8
2022-11-29;3957,625893;0,0427;3960,0;2022-12-28;93,2
2022-11-30;4080,106552;0,0427;4080,0;2022-12-30;89,45
2022-12-01;4076,566473;0,0422;4075,0;2022-12-30;92,5
2022-12-02;4071,700033;0,0422;4070,0;2022-12-30;86,5
2022-12-05;3998,840092;0,0427;4000,0;2023-01-03;89,1
2022-12-06;3941,260014;0,0427;3940,0;2023-01-04;94,65
2022-12-07;3933,923915;0,042;3935,0;2023-01-06;101,35
2022-12-08;3963,511718;0,0417;3965,0;2023-01-06;96,7
2022-12-09;3934,376476;0,0419;3935,0;2023-01-06;96,7
2022-12-12;3990,55748;0,0429;4000,0;2023-01-10;98,1
2022-12-13;4019,654368;0,0426;4025,0;2023-01-11;90,6
2022-12-14;3995,318726;0,0423;3995,0;2023-01-13;99,2
2022-12-15;3895,753348;0,0422;3895,0;2023-01-13;97,95
2022-12-16;3852,363593;0,042;3850,0;2023-01-13;96,7
2022-12-19;3817,658159;0,0428;3830,0;2023-01-17;87,1
2022-12-20;3821,619359;0,0425;3825,0;2023-01-18;89,6
2022-12-21;3878,439974;0,0422;3880,0;2023-01-20;88,8
2022-12-22;3822,386685;0,0424;3820,0;2023-01-20;95,15
2022-12-23;3844,815029;0,0423;3845,0;2023-01-20;89,05
2022-12-27;3829,24925;0,0435;3825,0;2023-01-25;96,05
2022-12-28;3783,221915;0,0435;3785,0;2023-01-27;97,25
2022-12-29;3849,283229;0,0434;3850,0;2023-01-27;92,95
2022-12-30;3839,496587;0,043;3840,0;2023-01-27;89,5
2023-01-03;3824,13818;0,044;3810,0;2023-02-01;106,25
2023-01-04;3852,965608;0,0441;3850,0;2023-02-03;99,15
2023-01-05;3808,102907;0,0451;3810,0;2023-02-03;98,0
2023-01-06;3895,075568;0,0451;3900,0;2023-02-03;88,4
2023-01-09;3892,091025;0,0455;3900,0;2023-02-07;91,6
2023-01-10;3919,25345;0,0457;3920,0;2023-02-08;91,2
2023-01-11;3969,614106;0,0457;3970,0;2023-02-10;94,35
2023-01-12;3983,166533;0,045;3985,0;2023-02-10;82,7
2023-01-13;3999,090836;0,0451;4000,0;2023-02-10;77,55
2023-01-17;3990,970135;0,0456;3990,0;2023-02-15;84,25
2023-01-18;3928,862348;0,0454;3930,0;2023-02-17;87,45
2023-01-19;3898,854763;0,0455;3900,0;2023-02-17;88,5
2023-01-20;3972,610453;0,0457;3975,0;2023-02-17;81,0
2023-01-23;4019,814101;0,0458;4020,0;2023-02-17;80,3
2023-01-24;4016,949713;0,0457;4020,0;2023-02-22;81,35
2023-01-25;4016,219241;0,0456;4015,0;2023-02-24;83,85
2023-01-26;4060,427351;0,0455;4060,0;2023-02-24;80,55
2023-01-27;4070,558292;0,0457;4070,0;2023-02-24;78,95
2023-01-30;4017,77257;0,0459;4020,0;2023-02-28;83,5
2023-01-31;4076,603819;0,0458;4080,0;2023-03-01;79,5
2023-02-01;4119,210404;0,0454;4120,0;2023-03-03;78,8
2023-02-02;4179,755591;0,0453;4180,0;2023-03-03;76,5
2023-02-03;4136,4816;0,0457;4135,0;2023-03-03;78,55
2023-02-06;4111,080882;0,0459;4120,0;2023-03-07;75,8
2023-02-07;4163,999551;0,0459;4160,0;2023-03-08;83,3
2023-02-08;4117,864805;0,0459;4120,0;2023-03-10;87,35
2023-02-09;4081,504615;0,0464;4080,0;2023-03-10;90,75
2023-02-10;4090,461965;0,0466;4090,0;2023-03-10;89,45
2023-02-13;4137,28705;0,0468;4130,0;2023-03-14;93,2
2023-02-14;4136,133004;0,0467;4130,0;2023-03-15;87,7
2023-02-15;4147,602929;0,0466;4150,0;2023-03-17;81,1
2023-02-16;4090,409027;0,047;4090,0;2023-03-17;87,5
2023-02-17;4079,094662;0,047;4080,0;2023-03-17;83,3
2023-02-21;3997,336794;0,0472;4000,0;2023-03-22;97,4
2023-02-22;3991,047655;0,0471;3990,0;2023-03-24;98,25
2023-02-23;4012,323176;0,0471;4010,0;2023-03-24;95,25
2023-02-24;3970,036776;0,0472;3970,0;2023-03-24;91,85
2023-02-27;3982,24028;0,0474;3990,0;2023-03-28;85,95
2023-02-28;3970,153442;0,0472;3990,0;2023-03-29;82,45
2023-03-01;3951,394311;0,0473;3950,0;2023-03-31;94,2
2023-03-02;3981,352282;0,0474;3980,0;2023-03-31;89,2
2023-03-03;4045,637648;0,0474;4045,0;2023-03-31;82,8
2023-03-06;4048,417815;0,0476;4050,0;2023-04-04;83,05
2023-03-07;3986,372772;0,0487;3990,0;2023-04-06;87,3
2023-03-08;3992,013239;0,0489;3990,0;2023-04-06;86,1
2023-03-09;3918,321416;0,0487;3920,0;2023-04-06;95,2
2023-03-10;3861,589908;0,0483;3860,0;2023-04-06;98,95
2023-03-13;3855,76186;0,047;3870,0;2023-04-11;97,85
2023-03-14;3919,286959;0,0471;3920,0;2023-04-12;97,2
2023-03-15;3891,926749;0,0459;3890,0;2023-04-14;105,2
2023-03-16;3960,281132;0,0457;3960,0;2023-04-14;96,25
2023-03-17;3916,637239;0,0436;3915,0;2023-04-14;103,4
2023-03-20;3951,568898;0,0465;3940,0;2023-04-18;105,75
2023-03-21;4002,873465;0,0462;4000,0;2023-04-19;92,7
2023-03-22;3936,971392;0,0463;3935,0;2023-04-21;104,15
2023-03-23;3948,72373;0,0457;3950,0;2023-04-21;97,55
2023-03-24;3970,986412;0,0457;3970,0;2023-04-21;91,45
2023-03-27;3977,528158;0,0475;3980,0;2023-04-25;86,0
2023-03-28;3971,270193;0,0464;3970,0;2023-04-26;86,25
2023-03-29;4027,811836;0,0464;4030,0;2023-04-28;85,0
2023-03-30;4050,829097;0,048;4050,0;2023-04-28;83,4
2023-03-31;4109,312445;0,0468;4110,0;2023-04-28;80,75
2023-04-03;4124,506033;0,0477;4125,0;2023-05-02;77,8
2023-04-04;4100,598999;0,0474;4100,0;2023-05-03;82,15
2023-04-05;4090,375286;0,0472;4090,0;2023-05-05;87,7
2023-04-06;4105,018743;0,0477;4105,0;2023-05-05;83,35
2023-04-10;4109,112376;0,0494;4140,0;2023-05-09;63,45
2023-04-11;4108,941032;0,0489;4110,0;2023-05-10;84,95
2023-04-12;4091,954122;0,0487;4090,0;2023-05-12;87,8
2023-04-13;4146,216085;0,0495;4145,0;2023-05-12;80,35
2023-04-14;4137,638735;0,0498;4140,0;2023-05-12;74,1
2023-04-17;4151,322391;0,0506;4150,0;2023-05-16;73,45
2023-04-18;4154,870106;0,0504;4150,0;2023-05-17;76,55
2023-04-19;4154,51899;0,0501;4155,0;2023-05-19;72,95
2023-04-20;4129,792369;0,0497;4130,0;2023-05-19;73,2
2023-04-21;4133,52132;0,0498;4135,0;2023-05-19;70,95
2023-04-24;4137,044586;0,0504;4200,0;2023-05-23;36,55
2023-04-25;4071,630426;0,0497;4060,0;2023-05-24;92,15
2023-04-26;4055,987783;0,05;4055,0;2023-05-26;86,45
2023-04-27;4135,352229;0,0503;4135,0;2023-05-26;72,9
2023-04-28;4169,481401;0,0495;4170,0;2023-05-26;66,2
2023-05-01;4167,866886;0,051;4170,0;2023-05-31;68,15
2023-05-02;4119,580445;0,0508;4120,0;2023-05-31;74,9
2023-05-03;4090,752224;0,0509;4090,0;2023-06-02;82,05
2023-05-04;4061,216889;0,051;4060,0;2023-06-02;85,95
2023-05-05;4136,253355;0,051;4135,0;2023-06-02;69,75
2023-05-08;4138,122979;0,0515;4140,0;2023-06-06;68,25
2023-05-09;4119,173365;0,0513;4125,0;2023-06-07;70,6
2023-05-10;4137,64219;0,0508;4140,0;2023-06-09;71,75
2023-05-11;4130,621269;0,0504;4130,0;2023-06-09;70,2
2023-05-12;4124,081022;0,0508;4125,0;2023-06-09;67,4
2023-05-15;4136,284214;0,0506;4140,0;2023-06-13;65,9
2023-05-16;4109,897006;0,0507;4110,0;2023-06-14;75,8
2023-05-17;4158,770772;0,051;4160,0;2023-06-16;71,8
2023-05-18;4198,050949;0,0514;4200,0;2023-06-16;69,1
2023-05-19;4191,979788;0,0512;4190,0;2023-06-16;74,05
2023-05-22;4192,630704;0,0524;4190,0;2023-06-20;73,15
2023-05-23;4145,575185;0,0518;4180,0;2023-06-21;57,0
2023-05-24;4115,238566;0,0521;4115,0;2023-06-23;85,55
2023-05-25;4151,279874;0,0521;4150,0;2023-06-23;79,75
2023-05-26;4205,452528;0,0516;4205,0;2023-06-23;72,3
2023-05-30;4205,520694;0,0528;4210,0;2023-06-28;69,65
2023-05-31;4179,825462;0,0526;4180,0;2023-06-30;78,95
2023-06-01;4221,020216;0,0524;4220,0;2023-06-30;66,2
2023-06-02;4282,365573;0,0523;4280,0;2023-06-30;64,65
2023-06-05;4273,794187;0,052;4275,0;2023-07-03;62,25
2023-06-06;4283,848385;0,0518;4290,0;2023-07-05;58,1
2023-06-07;4267,518462;0,0516;4270,0;2023-07-07;62,55
2023-06-08;4293,927769;0,0512;4295,0;2023-07-07;59,55
2023-06-09;4298,857314;0,0511;4300,0;2023-07-07;58,55
2023-06-12;4338,934437;0,0514;4340,0;2023-07-11;61,85
2023-06-13;4369,006386;0,0511;4370,0;2023-07-12;61,75
2023-06-14;4372,589443;0,051;4375,0;2023-07-14;61,05
2023-06-15;4425,844265;0,0507;4425,0;2023-07-14;64,9
2023-06-16;4409,594361;0,0509;4410,0;2023-07-14;62,5
2023-06-20;4388,709756;0,0514;4390,0;2023-07-19;66,5
2023-06-21;4365,689833;0,0515;4365,0;2023-07-21;66,0
2023-06-22;4381,890477;0,0515;4380,0;2023-07-21;61,8
2023-06-23;4348,330671;0,0515;4350,0;2023-07-21;59,85
2023-06-26;4328,821608;0,0524;4330,0;2023-07-25;62,75
2023-06-27;4378,405324;0,0519;4375,0;2023-07-26;65,1
2023-06-28;4376,863711;0,0518;4375,0;2023-07-28;64,7
2023-06-29;4396,443418;0,052;4395,0;2023-07-28;64,7
2023-06-30;4450,381312;0,0517;4450,0;2023-07-28;61,5
2023-07-03;4455,593876;0,0521;4460,0;2023-08-02;61,8
2023-07-05;4446,824775;0,0521;4445,0;2023-08-04;71,1
2023-07-06;4411,590733;0,0523;4410,0;2023-08-04;73,55
2023-07-07;4398,95266;0,0522;4400,0;2023-08-04;67,0
2023-07-10;4409,525804;0,0525;4410,0;2023-08-08;67,25
2023-07-11;4439,256332;0,0525;4440,0;2023-08-09;69,6
2023-07-12;4472,160326;0,0524;4470,0;2023-08-11;67,4
2023-07-13;4510,041797;0,0524;4510,0;2023-08-11;65,85
2023-07-14;4505,420339;0,0525;4505,0;2023-08-11;60,95
2023-07-17;4522,7931;0,0526;4525,0;2023-08-15;62,25
2023-07-18;4554,976946;0,0525;4550,0;2023-08-16;68,0
2023-07-19;4565,716709;0,0526;4565,0;2023-08-18;69,4
2023-07-20;4534,867554;0,0526;4535,0;2023-08-18;66,9
2023-07-21;4536,338537;0,0527;4535,0;2023-08-18;64,95
2023-07-24;4554,642441;0,0528;4550,0;2023-08-22;67,7
2023-07-25;4567,463704;0,0528;4570,0;2023-08-23;65,45
2023-07-26;4566,751717;0,0528;4565,0;2023-08-25;66,6
2023-07-27;4537,411865;0,0528;4535,0;2023-08-25;70,7
2023-07-28;4582,231325;0,0528;4580,0;2023-08-25;63,9
2023-07-31;4588,961138;0,0528;4600,0;2023-08-29;56,5
2023-08-01;4576,72915;0,0527;4575,0;2023-08-31;70,3
2023-08-02;4513,393857;0,0527;4515,0;2023-09-01;78,7
2023-08-03;4501,885675;0,0527;4500,0;2023-09-01;79,4
2023-08-04;4478,033843;0,0528;4480,0;2023-09-01;74,7
2023-08-07;4518,443364;0,0529;4520,0;2023-09-05;69,65
2023-08-08;4499,37726;0,053;4500,0;2023-09-06;73,5
2023-08-09;4467,714093;0,0528;4470,0;2023-09-08;76,0
2023-08-10;4468,834773;0,0528;4470,0;2023-09-08;74,15
2023-08-11;4464,054563;0,0528;4465,0;2023-09-08;68,6
2023-08-14;4489,718332;0,0529;4470,0;2023-09-12;80,4
2023-08-15;4437,859049;0,0529;4430,0;2023-09-13;83,75
2023-08-16;4404,333468;0,0529;4405,0;2023-09-15;82,7
2023-08-17;4370,360064;0,0529;4370,0;2023-09-15;84,95
2023-08-18;4369,711501;0,0528;4370,0;2023-09-15;78,65
2023-08-21;4399,769101;0,053;4400,0;2023-09-19;78,15
2023-08-22;4387,5487;0,053;4390,0;2023-09-20;79,05
2023-08-23;4436,011741;0,053;4435,0;2023-09-22;77,3
2023-08-24;4376,314948;0,0531;4375,0;2023-09-22;84,75
2023-08-25;4405,705731;0,0534;4405,0;2023-09-22;73,3
2023-08-28;4433,305645;0,0534;4425,0;2023-09-26;77,65
2023-08-29;4497,631665;0,0533;4500,0;2023-09-27;66,65
2023-08-30;4514,865259;0,0532;4515,0;2023-09-29;68,7
2023-08-31;4507,661792;0,0532;4510,0;2023-09-29;66,55
2023-09-01;4515,767396;0,053;4515,0;2023-09-29;63,3
2023-09-05;4496,827283;0,0532;4500,0;2023-10-04;65,55
2023-09-06;4465,484764;0,0531;4465,0;2023-10-06;72,5
2023-09-07;4451,137978;0,053;4450,0;2023-10-06;73,2
2023-09-08;4457,489309;0,0531;4455,0;2023-10-06;67,25
2023-09-11;4487,463862;0,0532;4470,0;2023-10-10;76,75
2023-09-12;4461,904917;0,0532;4460,0;2023-10-12;72,35
2023-09-13;4467,441929;0,0531;4465,0;2023-10-13;70,65
2023-09-14;4505,096281;0,0531;4505,0;2023-10-13;62,65
2023-09-15;4450,316283;0,0532;4450,0;2023-10-13;66,2
2023-09-18;4453,533797;0,0531;4450,0;2023-10-18;71,25
2023-09-19;4443,9475;0,0531;4440,0;2023-10-19;74,35
2023-09-20;4402,20354;0,0533;4400,0;2023-10-20;76,15
2023-09-21;4330,004854;0,0533;4330,0;2023-10-20;81,65
2023-09-22;4320,057127;0,0532;4320,0;2023-10-20;79,85
2023-09-25;4337,444983;0,0535;4340,0;2023-10-25;79,5
2023-09-26;4273,528315;0,0534;4290,0;2023-10-26;81,85
2023-09-27;4274,509414;0,0534;4275,0;2023-10-27;87,45
2023-09-28;4299,701992;0,0532;4300,0;2023-10-27;82,9
2023-09-29;4288,054123;0,0532;4290,0;2023-10-27;81,25
2023-10-02;4288,390702;0,0535;4290,0;2023-11-01;84,15
2023-10-03;4229,45303;0,0535;4230,0;2023-11-02;93,3
2023-10-04;4263,751145;0,0534;4265,0;2023-11-03;90,95
2023-10-05;4258,185806;0,0534;4260,0;2023-11-03;86,8
2023-10-06;4308,502259;0,0536;4310,0;2023-11-03;82,1
2023-10-10;4358,237859;0,0534;4350,0;2023-11-09;87,95
2023-10-11;4376,945183;0,0534;4375,0;2023-11-10;81,25
2023-10-12;4349,605776;0,0535;4350,0;2023-11-10;78,65
2023-10-13;4327,783027;0,0535;4330,0;2023-11-10;82,3
2023-10-16;4373,634807;0,0534;4375,0;2023-11-15;81,95
2023-10-17;4373,195988;0,0535;4375,0;2023-11-16;81,35
2023-10-18;4314,600653;0,0534;4315,0;2023-11-17;90,9
2023-10-19;4277,997431;0,0533;4280,0;2023-11-17;93,45
2023-10-20;4224,159483;0,0531;4225,0;2023-11-17;93,2
2023-10-23;4217,043389;0,0532;4220,0;2023-11-22;91,6
2023-10-24;4247,676835;0,0531;4250,0;2023-11-22;88,05
2023-10-25;4186,765248;0,0532;4185,0;2023-11-24;94,1
2023-10-26;4137,230845;0,0532;4135,0;2023-11-24;94,3
2023-10-27;4117,373828;0,0532;4115,0;2023-11-24;90,5
2023-10-30;4166,815141;0,0533;4170,0;2023-11-29;87,2
2023-10-31;4193,800955;0,0533;4195,0;2023-11-30;83,2
2023-11-01;4237,855649;0,0531;4240,0;2023-12-01;77,3
2023-11-02;4317,775475;0,0528;4320,0;2023-12-01;69,05
2023-11-03;4358,335182;0,0527;4360,0;2023-12-01;65,5
2023-11-06;4365,978018;0,0529;4370,0;2023-12-06;65,75
2023-11-07;4378,379143;0,0528;4380,0;2023-12-07;68,65
2023-11-08;4382,783784;0,0528;4385,0;2023-12-08;67,4
2023-11-09;4347,349319;0,0527;4345,0;2023-12-08;71,1
2023-11-10;4415,244691;0,0526;4415,0;2023-12-08;63,8
2023-11-13;4411,55489;0,0528;4410,0;2023-12-13;71,55
2023-11-14;4495,701589;0,0526;4500,0;2023-12-14;64,0
2023-11-15;4502,87883;0,0526;4505,0;2023-12-15;67,35
2023-11-16;4508,243496;0,0525;4510,0;2023-12-15;64,15
2023-11-17;4514,017863;0,0525;4515,0;2023-12-15;63,45
2023-11-20;4547,377486;0,0527;4550,0;2023-12-20;62,45
2023-11-21;4538,191661;0,0526;4540,0;2023-12-21;65,15
2023-11-22;4556,619222;0,0527;4555,0;2023-12-22;65,7
2023-11-24;4559,335209;0,0528;4560,0;2023-12-22;59,45
2023-11-27;4550,428046;0,0528;4550,0;2023-12-27;62,2
2023-11-28;4554,890556;0,0527;4550,0;2023-12-28;67,05
2023-11-29;4550,582317;0,0525;4550,0;2023-12-29;65,7
2023-11-30;4567,798642;0,0525;4570,0;2023-12-29;64,75
2023-12-01;4594,631581;0,0523;4595,0;2023-12-29;63,15
2023-12-04;4569,781563;0,0526;4570,0;2024-01-03;66,95
2023-12-05;4567,182974;0,0525;4570,0;2024-01-04;65,35
2023-12-06;4549,337382;0,0525;4550,0;2024-01-05;68,05
2023-12-07;4585,586192;0,0524;4585,0;2024-01-05;68,1
2023-12-08;4604,372254;0,0524;4605,0;2024-01-05;63,5
2023-12-11;4622,440774;0,0526;4620,0;2024-01-10;68,7
2023-12-12;4643,701773;0,0526;4640,0;2024-01-11;66,0
2023-12-13;4707,091362;0,0524;4705,0;2024-01-12;65,65
2023-12-14;4719,551919;0,0523;4720,0;2024-01-12;63,0
2023-12-15;4719,190649;0,0524;4720,0;2024-01-12;63,25
2023-12-18;4740,556014;0,0526;4740,0;2024-01-17;67,25
2023-12-19;4768,36537;0,0523;4770,0;2024-01-18;67,05
2023-12-20;4698,351948;0,0524;4700,0;2024-01-19;74,25
2023-12-21;4746,74564;0,0522;4745,0;2024-01-19;72,55
2023-12-22;4754,631447;0,0524;4755,0;2024-01-19;68,3
2023-12-26;4774,750596;0,0525;4775,0;2024-01-25;72,65
2023-12-27;4781,578804;0,0524;4780,0;2024-01-26;69,2
2023-12-28;4783,347381;0,0525;4785,0;2024-01-26;68,0
2023-12-29;4769,829411;0,052;4770,0;2024-01-26;66,15
2024-01-02;4742,829488;0,0522;4740,0;2024-02-01;75,8
2024-01-03;4704,811089;0,0524;4705,0;2024-02-02;76,95
2024-01-04;4688,676011;0,0524;4690,0;2024-02-02;75,05
2024-01-05;4697,24494;0,0524;4695,0;2024-02-02;71,9
2024-01-08;4763,537277;0,0525;4760,0;2024-02-07;72,95
2024-01-09;4756,496539;0,0524;4760,0;2024-02-08;67,75
2024-01-10;4783,449117;0,0523;4785,0;2024-02-09;69,05
2024-01-11;4780,242468;0,0523;4780,0;2024-02-09;67,25
2024-01-12;4783,831067;0,0522;4785,0;2024-02-09;64,35
2024-01-16;4765,976022;0,0522;4770,0;2024-02-15;70,1
2024-01-17;4739,208141;0,0524;4740,0;2024-02-16;77,25
2024-01-18;4780,937648;0,0522;4780,0;2024-02-16;74,15
2024-01-19;4839,811424;0,0522;4840,0;2024-02-16;66,2
2024-01-22;4850,425674;0,0522;4850,0;2024-02-21;69,35
2024-01-23;4864,596718;0,0521;4860,0;2024-02-22;70,25
2024-01-24;4868,553921;0,0521;4870,0;2024-02-23;68,2
2024-01-25;4894,155578;0,0521;4895,0;2024-02-23;68,4
2024-01-26;4890,970513;0,0521;4890,0;2024-02-23;66,25
2024-01-29;4927,928815;0,0522;4930,0;2024-02-28;69,75
2024-01-30;4924,973893;0,0521;4925,0;2024-02-29;70,6
2024-01-31;4845,647176;0,0522;4850,0;2024-03-01;75,5
2024-02-01;4906,194044;0,0522;4910,0;2024-03-01;66,9
2024-02-02;4958,613892;0,0523;4960,0;2024-03-01;68,35
2024-02-05;4942,805883;0,0522;4950,0;2024-03-06;66,6
2024-02-06;4954,230505;0,0523;4950,0;2024-03-07;69,75
2024-02-07;4995,055847;0,0523;4995,0;2024-03-08;68,7
2024-02-08;4997,905368;0,0523;5000,0;2024-03-08;64,35
2024-02-09;5026,608575;0,0524;5025,0;2024-03-08;66,35
2024-02-12;5021,844476;0,0523;5020,0;2024-03-13;73,65
2024-02-13;4953,167955;0,0525;4950,0;2024-03-14;79,9
2024-02-14;5000,620073;0,0523;5000,0;2024-03-15;72,55
2024-02-15;5029,734713;0,0523;5030,0;2024-03-15;72,15
2024-02-16;5005,568451;0,0524;5005,0;2024-03-15;71,75
2024-02-20;4975,511267;0,0524;4975,0;2024-03-21;80,55
2024-02-21;4981,796998;0,0524;4980,0;2024-03-22;82,2
2024-02-22;5087,032433;0,0525;5085,0;2024-03-22;78,25
2024-02-23;5088,799948;0,0526;5090,0;2024-03-22;74,8
2024-02-26;5069,530514;0,0526;5070,0;2024-03-27;76,05
2024-02-27;5078,182518;0,0525;5080,0;2024-03-28;74,2
2024-02-28;5069,756506;0,0524;5070,0;2024-03-28;73,9
2024-02-29;5096,2695;0,0525;5095,0;2024-03-28;76,55
2024-03-01;5137,083799;0,0523;5135,0;2024-03-28;72,3
2024-03-04;5130,949153;0,0524;5130,0;2024-04-03;75,55
2024-03-05;5078,653996;0,0523;5080,0;2024-04-04;79,7
2024-03-06;5104,757159;0,0524;5105,0;2024-04-05;82,55
2024-03-07;5157,359283;0,0524;5155,0;2024-04-05;82,5
2024-03-08;5123,691092;0,0524;5125,0;2024-04-05;80,55
2024-03-11;5117,936755;0,0524;5120,0;2024-04-10;83,8
2024-03-12;5175,267617;0,0525;5175,0;2024-04-11;81,6
2024-03-13;5165,311853;0,0525;5165,0;2024-04-12;80,8
2024-03-14;5150,479919;0,0525;5150,0;2024-04-12;79,7
2024-03-15;5117,088217;0,0525;5115,0;2024-04-12;80,45
2024-03-18;5149,417467;0,0525;5150,0;2024-04-17;81,3
2024-03-19;5178,509256;0,0524;5180,0;2024-04-18;82,5
2024-03-20;5224,623236;0,0524;5225,0;2024-04-19;77,35
2024-03-21;5241,532797;0,0525;5240,0;2024-04-19;77,85
2024-03-22;5234,18006;0,0524;5235,0;2024-04-19;75,3
2024-03-25;5218,186625;0,0523;5225,0;2024-04-24;72,0
2024-03-26;5203,584203;0,0522;5200,0;2024-04-25;81,4
2024-03-27;5248,493133;0,0522;5250,0;2024-04-26;75,4
2024-03-28;5254,354401;0,0523;5255,0;2024-04-26;76,25
2024-04-01;5243,772947;0,0523;5240,0;2024-05-01;80,95
2024-04-02;5205,811086;0,0522;5210,0;2024-05-02;83,9
2024-04-03;5211,486091;0,0522;5210,0;2024-05-03;89,3
2024-04-04;5147,20898;0,0521;5145,0;2024-05-03;95,0
2024-04-05;5204,335137;0,0523;5205,0;2024-05-03;89,45
2024-04-08;5202,39193;0,0523;5200,0;2024-05-08;90,75
2024-04-09;5209,910837;0,0523;5210,0;2024-05-09;88,05
2024-04-10;5160,639787;0,0525;5160,0;2024-05-10;95,9
2024-04-11;5199,056773;0,0525;5200,0;2024-05-10;87,65
2024-04-12;5123,406822;0,0525;5125,0;2024-05-10;92,45
2024-04-15;5061,815525;0,0525;5075,0;2024-05-15;98,2
2024-04-16;5051,413945;0,0525;5050,0;2024-05-16;103,4
2024-04-17;5022,208038;0,0525;5020,0;2024-05-17;106,75
2024-04-18;5011,122755;0,0525;5010,0;2024-05-17;98,7
2024-04-19;4967,234896;0,0525;4965,0;2024-05-17;100,85
2024-04-22;5010,604645;0,0522;5010,0;2024-05-22;90,9
2024-04-23;5070,551227;0,0525;5070,0;2024-05-23;88,75
2024-04-24;5071,628471;0,0526;5070,0;2024-05-24;93,45
2024-04-25;5048,415712;0,0526;5050,0;2024-05-24;90,25
2024-04-26;5099,962451;0,0525;5100,0;2024-05-24;84,0
2024-04-29;5116,167558;0,0525;5120,0;2024-05-29;79,4
2024-04-30;5035,691678;0,0525;5040,0;2024-05-30;88,8
2024-05-01;5018,385;0,0526;5020,0;2024-05-31;87,65
2024-05-02;5064,19527;0,0525;5065,0;2024-05-31;80,15
2024-05-03;5127,786627;0,0525;5130,0;2024-05-31;73,7
2024-05-06;5180,740692;0,0525;5175,0;2024-06-05;79,8
2024-05-07;5187,697862;0,0525;5190,0;2024-06-06;75,7
2024-05-08;5187,670738;0,0525;5190,0;2024-06-07;76,6
2024-05-09;5214,081425;0,0525;5215,0;2024-06-07;71,9
2024-05-10;5222,675366;0,0526;5225,0;2024-06-07;70,15
2024-05-13;5221,415635;0,0525;5225,0;2024-06-12;76,75
2024-05-14;5246,680518;0,0524;5250,0;2024-06-13;78,45
2024-05-15;5308,149592;0,0525;5310,0;2024-06-14;75,2
2024-05-16;5297,098455;0,0525;5295,0;2024-06-14;76,45
2024-05-17;5303,269661;0,0525;5305,0;2024-06-14;66,7
2024-05-20;5308,132267;0,0525;5310,0;2024-06-18;69,05
2024-05-21;5321,412019;0,0525;5320,0;2024-06-20;73,2
2024-05-22;5307,005223;0,0525;5305,0;2024-06-21;72,8
2024-05-23;5267,838066;0,0526;5270,0;2024-06-21;70,6
2024-05-24;5304,717602;0,0526;5305,0;2024-06-21;65,0
2024-05-28;5306,044475;0,0526;5310,0;2024-06-27;68,15
2024-05-29;5266,949358;0,0526;5265,0;2024-06-28;81,8
2024-05-30;5235,477262;0,0526;5235,0;2024-06-28;81,75
2024-05-31;5277,507345;0,0525;5280,0;2024-06-28;71,65
2024-06-03;5283,396867;0,0526;5280,0;2024-07-03;79,75
2024-06-04;5291,335406;0,0525;5290,0;2024-07-03;80,1
2024-06-05;5354,028646;0,0525;5355,0;2024-07-05;76,9
2024-06-06;5352,962239;0,0525;5355,0;2024-07-05;73,9
2024-06-07;5346,988068;0,0526;5345,0;2024-07-05;74,85
2024-06-10;5360,788492;0,0525;5360,0;2024-07-10;75,45
2024-06-11;5375,316185;0,0525;5375,0;2024-07-11;78,1
2024-06-12;5421,025849;0,0525;5420,0;2024-07-12;76,9
2024-06-13;5433,743196;0,0525;5435,0;2024-07-12;73,0
2024-06-14;5431,60165;0,0525;5430,0;2024-07-12;72,1
2024-06-17;5473,23315;0,0525;5475,0;2024-07-17;76,9
2024-06-18;5487,026491;0,0524;5490,0;2024-07-18;75,95
2024-06-20;5473,168794;0,0524;5475,0;2024-07-19;80,6
2024-06-21;5464,621341;0,0523;5465,0;2024-07-19;77,6
2024-06-24;5447,87265;0,0524;5450,0;2024-07-24;81,7
2024-06-25;5469,29743;0,0523;5470,0;2024-07-25;81,1
2024-06-26;5477,90362;0,0524;5480,0;2024-07-26;80,55
2024-06-27;5482,871785;0,0523;5485,0;2024-07-26;72,7
2024-06-28;5460,482621;0,0522;5460,0;2024-07-26;77,85
2024-07-01;5475,08835;0,0524;5475,0;2024-07-31;76,0
2024-07-02;5509,011108;0,0524;5510,0;2024-08-01;74,25
2024-07-03;5537,019133;0,0524;5535,0;2024-08-02;76,4
2024-07-05;5567,190392;0,0523;5565,0;2024-08-02;76,95
2024-07-08;5572,850204;0,0523;5570,0;2024-08-07;77,3
2024-07-09;5576,9845;0,0523;5575,0;2024-08-08;80,35
2024-07-10;5633,912213;0,0523;5630,0;2024-08-09;84,1
2024-07-11;5584,544334;0,0521;5580,0;2024-08-09;85,55
2024-07-12;5615,348759;0,0521;5615,0;2024-08-09;73,8
2024-07-15;5631,216042;0,052;5630,0;2024-08-14;80,7
2024-07-16;5667,197692;0,052;5670,0;2024-08-15;82,3
2024-07-17;5588,27169;0,052;5590,0;2024-08-16;90,75
2024-07-18;5544,593237;0,0521;5545,0;2024-08-16;91,45
2024-07-19;5505,003094;0,052;5505,0;2024-08-16;92,85
2024-07-22;5564,412886;0,0519;5570,0;2024-08-21;86,75
2024-07-23;5555,743671;0,0518;5560,0;2024-08-22;85,6
2024-07-24;5427,127677;0,0518;5425,0;2024-08-23;109,0
2024-07-25;5399,222479;0,0517;5400,0;2024-08-23;109,5
2024-07-26;5459,0974;0,0516;5460,0;2024-08-23;94,0
2024-07-29;5463,538474;0,0515;5460,0;2024-08-28;102,2
2024-07-30;5436,444101;0,0514;5425,0;2024-08-29;117,05
2024-07-31;5522,301837;0,0515;5520,0;2024-08-30;104,7
2024-08-01;5446,684317;0,0512;5445,0;2024-08-30;109,1
2024-08-02;5346,563258;0,0505;5345,0;2024-08-30;123,5
2024-08-05;5186,330412;0,0509;5250,0;2024-09-03;134,15
2024-08-06;5240,026147;0,0509;5230,0;2024-09-05;142,55
2024-08-07;5199,499968;0,0509;5200,0;2024-09-06;142,95
2024-08-08;5319,30812;0,0509;5320,0;2024-09-06;120,35
2024-08-09;5344,164356;0,0509;5345,0;2024-09-06;109,55
2024-08-12;5344,385204;0,0507;5340,0;2024-09-11;113,25
2024-08-13;5434,432828;0,0506;5425,0;2024-09-12;108,25
2024-08-14;5455,211997;0,0507;5460,0;2024-09-13;93,65
2024-08-15;5543,218234;0,0509;5540,0;2024-09-13;85,75
2024-08-16;5554,251063;0,0508;5550,0;2024-09-13;86,15
2024-08-19;5608,24726;0,0506;5610,0;2024-09-18;83,9
2024-08-20;5597,124817;0,0504;5600,0;2024-09-19;91,6
2024-08-21;5620,852715;0,0502;5620,0;2024-09-20;95,65
2024-08-22;5570,644574;0,0504;5570,0;2024-09-20;96,55
2024-08-23;5634,605847;0,0501;5635,0;2024-09-20;88,15
2024-08-26;5616,835853;0,0498;5620,0;2024-09-25;87,35
2024-08-27;5625,801961;0,0498;5625,0;2024-09-26;89,95
2024-08-28;5592,177212;0,0496;5590,0;2024-09-27;101,1
2024-08-29;5591,963722;0,0498;5590,0;2024-09-27;92,15
2024-08-30;5648,397236;0,0498;5650,0;2024-09-27;80,1
2024-09-03;5528,933403;0,0497;5520,0;2024-10-03;111,95
2024-09-04;5520,067822;0,0496;5520,0;2024-10-04;116,35
2024-09-05;5503,408569;0,0494;5505,0;2024-10-04;104,75
2024-09-06;5408,422144;0,0493;5410,0;2024-10-04;118,5
2024-09-09;5471,051447;0,0489;5500,0;2024-10-09;94,95
2024-09-10;5495,51941;0,0485;5500,0;2024-10-10;109,4
2024-09-11;5554,132422;0,0489;5550,0;2024-10-11;111,85
2024-09-12;5595,763489;0,0485;5600,0;2024-10-11;96,45
2024-09-13;5626,018601;0,0478;5625,0;2024-10-11;95,95
2024-09-16;5633,087776;0,0475;5625,0;2024-10-16;107,3
2024-09-17;5634,580444;0,0475;5630,0;2024-10-17;104,65
2024-09-18;5618,259025;0,0465;5620,0;2024-10-18;104,65
2024-09-19;5713,641088;0,0461;5715,0;2024-10-18;91,3
2024-09-20;5702,54762;0,0456;5705,0;2024-10-18;86,85
2024-09-23;5718,566489;0,0453;5720,0;2024-10-23;87,6
2024-09-24;5732,927345;0,045;5725,0;2024-10-24;90,85
2024-09-25;5722,260603;0,0451;5720,0;2024-10-25;90,9
2024-09-26;5745,366089;0,045;5745,0;2024-10-25;91,25
2024-09-27;5738,171783;0,045;5740,0;2024-10-25;91,1
2024-09-30;5762,484883;0,0452;5760,0;2024-10-30;94,7
2024-10-01;5708,751478;0,045;5710,0;2024-10-31;104,45
2024-10-02;5709,539443;0,0448;5710,0;2024-11-01;108,5
2024-10-03;5699,941754;0,0448;5700,0;2024-11-01;110,4
2024-10-04;5751,068196;0,0453;5750,0;2024-11-01;97,95
2024-10-07;5695,943419;0,0455;5700,0;2024-11-06;124,25
2024-10-08;5751,132891;0,0453;5750,0;2024-11-07;124,25
2024-10-09;5792,041482;0,0454;5790,0;2024-11-08;123,2
2024-10-10;5780,051291;0,0454;5780,0;2024-11-08;118,9
2024-10-11;5815,033409;0,0453;5820,0;2024-11-08;109,35
2024-10-15;5815,259935;0,0452;5810,0;2024-11-14;119,6
2024-10-16;5842,474524;0,0451;5840,0;2024-11-15;114,5
2024-10-17;5841,472412;0,0454;5840,0;2024-11-15;110,6
2024-10-18;5864,667913;0,0453;5865,0;2024-11-15;102,85
2024-10-21;5853,982232;0,0451;5850,0;2024-11-20;108,9
2024-10-22;5851,202363;0,0451;5850,0;2024-11-21;112,2
2024-10-23;5797,422588;0,0452;5800,0;2024-11-22;115,65
2024-10-24;5809,859218;0,045;5810,0;2024-11-22;115,45
2024-10-25;5808,117006;0,0452;5810,0;2024-11-22;113,35
2024-10-28;5823,517749;0,0449;5825,0;2024-11-27;119,75
2024-10-29;5832,917048;0,0449;5830,0;2024-11-27;117,55
2024-10-30;5813,669702;0,0447;5815,0;2024-11-29;119,4
2024-10-31;5705,447921;0,0444;5705,0;2024-11-29;134,0
2024-11-01;5728,801361;0,0441;5730,0;2024-11-29;118,5
2024-11-04;5712,688336;0,0444;5710,0;2024-12-04;124,2
2024-11-05;5782,75581;0,0443;5780,0;2024-12-05;115,75
2024-11-06;5929,044238;0,0444;5930,0;2024-12-06;93,25
2024-11-07;5973,103159;0,0443;5975,0;2024-12-06;88,35
2024-11-08;5995,537343;0,0443;5995,0;2024-12-06;87,5
2024-11-12;5983,989864;0,0443;5980,0;2024-12-12;94,1
2024-11-13;5985,378014;0,044;5990,0;2024-12-13;88,6
2024-11-14;5949,170922;0,0441;5950,0;2024-12-13;85,65
2024-11-15;5870,616408;0,0441;5870,0;2024-12-13;94,9
2024-11-18;5893,623452;0,0442;5890,0;2024-12-18;97,5
2024-11-19;5916,97735;0,0441;5920,0;2024-12-19;96,7
2024-11-20;5917,111052;0,0442;5915,0;2024-12-20;104,45
2024-11-21;5948,70722;0,0443;5950,0;2024-12-20;99,8
2024-11-22;5969,343085;0,0443;5970,0;2024-12-20;89,4
2024-11-25;5987,366353;0,0442;5990,0;2024-12-24;84,55
2024-11-26;6021,632593;0,044;6020,0;2024-12-26;83,8
2024-11-27;5998,738053;0,044;6000,0;2024-12-27;82,0
2024-11-29;6032,384412;0,0439;6030,0;2024-12-27;82,2
2024-12-02;6047,145844;0,0438;6045,0;2024-12-31;81,2
2024-12-03;6049,881754;0,0436;6050,0;2025-01-02;81,05
2024-12-04;6086,487255;0,0435;6085,0;2025-01-03;82,3
2024-12-05;6075,10707;0,0434;6075,0;2025-01-03;79,85
2024-12-06;6090,270469;0,0431;6090,0;2025-01-03;74,75
2024-12-09;6052,848556;0,043;6050,0;2025-01-08;86,8
2024-12-10;6034,912281;0,0429;6030,0;2025-01-09;88,55
2024-12-11;6084,189487;0,0426;6080,0;2025-01-10;86,7
2024-12-12;6051,247301;0,0423;6050,0;2025-01-10;86,45
2024-12-13;6051,092024;0,0423;6050,0;2025-01-10;80,85
2024-12-16;6074,083466;0,0425;6075,0;2025-01-15;88,1
2024-12-17;6050,610543;0,0426;6050,0;2025-01-16;96,5
2024-12-18;5872,159849;0,0425;5870,0;2025-01-17;139,25
2024-12-19;5867,076994;0,0423;5865,0;2025-01-17;131,7
2024-12-20;5930,850137;0,0423;5930,0;2025-01-17;106,1
2024-12-23;5974,073069;0,0424;5975,0;2025-01-22;99,05
2024-12-24;6040,035577;0,0428;6040,0;2025-01-23;80,4
2024-12-26;6037,590858;0,0424;6040,0;2025-01-24;84,8
2024-12-27;5970,837644;0,0419;5970,0;2025-01-24;91,9
2024-12-30;5906,9356;0,0423;5900,0;2025-01-29;110,2
2024-12-31;5881,627648;0,0423;5890,0;2025-01-30;96,95
